FIRING_HEADER_ROW,Ignition Event Time,Number Of Devices,Duration,Device Delay,Prefire Delay,Effect Name,Caliber,Position Name,Animation Description,Angles,Module Address,Slat Address,Pin Address,Product ID,Manufacturer Product ID,Animation ID,Location Primary,Location Secondary,Price Per Device,Mortar Caliber,Track Identifier
FIRING_DATA_ROW,0,1,18.32,0,3.02,30 Shot Gold Mine To Brocade Crown Cake Z Shape,"3""",Board 11,18.32s 30 Shot Gold Mine To Brocade Crown Z Shape Cake (6 Rows),4,4,3,4,GM585A,,,,,,,
FIRING_DATA_ROW,17.864,1,25.58,0,3.02,36 Shot Glittering Varg Dahlia Cake,"3""",Board 8,25.58s 30 Shot Glittering Variegated Dahlia Cake (6 Rows),3,3,3,8,Skyscraper,,,,,,,
FIRING_DATA_ROW,17.864,1,25.58,0,3.02,36 Shot Glittering Varg Dahlia Cake,"3""",Board 13,25.58s 30 Shot Glittering Variegated Dahlia Cake (6 Rows),4,4,5,8,Skyscraper,,,,,,,
FIRING_DATA_ROW,44.447,1,31,0,0,704 Shot Varg Comet w/ Dragon Eggs Cake Z Shape,"3""",Board 12,31s 704 Shot Variegated Comet w/ Dragon Eggs Cake Z Shape (32 Rows),4,4,4,9,Megablaster,,,,,,,
FIRING_DATA_ROW,76.612,1,20.02,0,3.02,25 Shot Neon Pink Neon Orange Neon Yellow Mine To Neon Pink Neon Orange Neon Yellow Crackling Dahlia Fan,"3""",Board 11,20.02s 25 Shot Pink Orange Yellow Mine To Pink Orange Yellow Crackling Dahlia Fan (5 Rows),4,4,3,7,Neon Skies,,,,,,,
FIRING_DATA_ROW,101.177,1,30,0,3.02,10 Shot Red Strobing Peony Cake,"3""",Board 12,30s 10 Shot Red Strobing Peony Cake (1 Row),4,4,4,0,GM488 Super Red Flash,,,,,,,
FIRING_DATA_ROW,137.185,1,13.5,0,0,20 Shot Blue & Silver Glitter Comet Cake Fan,"3""",Board 13,13.5s 20 Shot Blue & Silver Glittering Comet Cake Fan (4 Rows),4,4,5,10,GM902,,,,,,,
FIRING_DATA_ROW,156.032,1,13.5,0,0,20 Shot Blue & Silver Glitter Comet Cake Fan,"3""",Board 8,13.5s 20 Shot Blue & Silver Glittering Comet Cake Fan (4 Rows),3,3,3,4,GM902,,,,,,,
FIRING_DATA_ROW,188.85,1,20,0,0,20 Shot Orange Crossette Cake,"3""",Board 10,20s 20 Shot Orange Crossette Cake (5 Rows),3,3,5,2,20s Orange Crossette,,,,,,,
FIRING_DATA_ROW,188.85,1,20,0,0,20 Shot Orange Crossette Cake,"3""",Board 12,20s 20 Shot Orange Crossette Cake (5 Rows),4,4,4,6,20s Orange Crossette,,,,,,,
FIRING_DATA_ROW,199.16,1,59,0,3.02,36 Shot Strobing Peony w/ Pistil Cake,"3""",Board 10,59s 36 Shot Strobing Variegated Peony w/ Horsetail Cake (6 Rows),3,3,5,9,Sky Treats,,,,,,,
FIRING_DATA_ROW,263.05,1,27,0,0,156 Shot Red White Blue Strobing Comet To Coconut Shells Cake Z Shape,"3""",Board 9,27s 156 Shot Red White Blue Strobing Comet Z Shape Cake (13 Rows),3,3,4,6,party like its 1776,,,,,,,
FIRING_DATA_ROW,293.777,1,42,0,2.02,25 Shot Ear Shape Chrys Cake,"3""",Board 13,42s 25 Shot Ear Chrysanthemum Cake (5 Rows),4,4,5,2,645 25s Z Brocade Waterfall,,,,,,,
FIRING_DATA_ROW,333.379,1,42,0,2.02,25 Shot Ear Shape Chrys Cake,"3""",Board 8,42s 25 Shot Ear Chrysanthemum Cake (5 Rows),3,3,3,7,645 25s Z Brocade Waterfall,,,,,,,
FIRING_DATA_ROW,411.081,1,23,0,2.45,20 Shot Gold Horsetail Cake Fan,"3""",Board 9,23s 20 Shot Gold Horsetail Cake Z Shape (5 Rows),3,3,4,4,421 20s Waterfall/Horsetail,,,,,,,
FIRING_DATA_ROW,434.027,1,30,0,3.02,10 Shot Red Strobing Peony Cake,"3""",Board 9,30s 10 Shot Red Strobing Peony Cake (1 Row),3,3,4,10,GM488 Super Red Flash,,,,,,,
FIRING_DATA_ROW,463.539,1,33.8,0,0,,"3""",Board 13,33.8s 12 Shot Purple Dahlia Cake (1 Row),4,4,5,9,688 12 shot Purple Dahlia,,,,,,,
FIRING_DATA_ROW,490.951,1,23,0,2.45,20 Shot Gold Horsetail Cake Fan,"3""",Board 12,23s 20 Shot Gold Horsetail Cake Z Shape (5 Rows),4,4,4,8,421 20s Waterfall/Horsetail,,,,,,,
FIRING_DATA_ROW,517.912,1,42,0,2.02,25 Shot Ear Shape Chrys Cake,"3""",Board 12,42s 25 Shot Ear Chrysanthemum Cake (5 Rows),4,4,4,2,645 25s Z Brocade Waterfall,,,,,,,
FIRING_DATA_ROW,559.704,1,42,0,2.02,25 Shot Ear Shape Chrys Cake,"3""",Board 9,42s 25 Shot Ear Chrysanthemum Cake (5 Rows),3,3,4,5,645 25s Z Brocade Waterfall,,,,,,,
FIRING_DATA_ROW,601.984,1,33.8,0,0,,"3""",Board 10,33.8s 12 Shot Purple Dahlia Cake (1 Row),3,3,5,7,688 12 shot Purple Dahlia,,,,,,,
FIRING_DATA_ROW,634.907,1,40.5,0,3.02,10 Shot Popcorn Crackle Chrys Cake,"3""",Board 11,40.5s 10 Shot Popcorn Crackle Chrysanthemum Cake (1 Row),4,4,3,8,690 12s Double Timerain Crackle,,,,,,,
FIRING_DATA_ROW,763.317,1,44,0,3.02,21 Shot Crackling Palm Cake,"3""",Board 10,44s 21 Shot Crackling Palm Cake (7 Rows),3,3,5,4,10028 Electric Palms,,,,,,,
FIRING_DATA_ROW,806.469,1,22,0,0,49 Shot Red To Green To Blue Crossette Cake,"5""",Board 11,22s 49 Shot Red To Green To Blue Crossette Cake (7 Rows),4,4,3,6,10017 Colorful World of Crossettes,,,,,,,
FIRING_DATA_ROW,806.469,1,22,0,0,49 Shot Red To Green To Blue Crossette Cake,"5""",Board 10,22s 49 Shot Red To Green To Blue Crossette Cake (7 Rows),3,3,5,10,10017 Colorful World of Crossettes,,,,,,,
FIRING_DATA_ROW,827.688,1,38.01,0,3.02,48 Shot Gold Mine To Gold Coconut Shell Cake,"3""",Board 10,38.01s 48 Shot Gold Mine To Gold Coconut Shell Cake (8 Rows),3,3,5,5,rolled gold,,,,,,,
FIRING_DATA_ROW,866.984,1,22,0,0,49 Shot Red To Green To Blue Crossette Cake,"5""",Board 8,22s 49 Shot Red To Green To Blue Crossette Cake (7 Rows),3,3,3,9,10017 Colorful World of Crossettes,,,,,,,
FIRING_DATA_ROW,866.984,1,22,0,0,49 Shot Red To Green To Blue Crossette Cake,"5""",Board 13,22s 49 Shot Red To Green To Blue Crossette Cake (7 Rows),4,4,5,12,10017 Colorful World of Crossettes,,,,,,,
FIRING_DATA_ROW,893.06,1,22,0,0,142 Shot Varg Comet w/ Timerain To Crackling Dahlia Cake Z Shape,"3""",Board 12,22s 142 Shot Z Shape Variegated Comet + Dragon Eggs Cake (7 Rows),4,4,4,5,Pandamonium,,,,,,,
FIRING_DATA_ROW,917.393,1,1.84,0,3.02,Palm w/ Green Pistil,"3""",50 Rack A,Palm w/ Green Pistil,4,4,0,12,Mortar green palm,,,,,,,
FIRING_DATA_ROW,918.285,1,1.84,0,3.02,Palm w/ Green Pistil,"3""",50 Rack C,Palm w/ Green Pistil,3,3,0,13,Mortar green palm,,,,,,,
FIRING_DATA_ROW,920.285,1,1.84,0,3.02,Palm w/ Green Pistil,"3""",50 Rack A,Palm w/ Green Pistil,4,4,0,13,Mortar green palm,,,,,,,
FIRING_DATA_ROW,922.285,1,1.84,0,3.02,Palm w/ Green Pistil,"3""",50 Rack C,Palm w/ Green Pistil,3,3,0,14,Mortar green palm,,,,,,,
FIRING_DATA_ROW,934.787,1,1.84,0,3.02,Palm w/ Green Pistil,"3""",50 Rack A,Palm w/ Green Pistil,4,4,0,14,Mortar green palm,,,,,,,
FIRING_DATA_ROW,939.436,1,1.84,0,3.02,Palm w/ Green Pistil,"3""",50 Rack C,Palm w/ Green Pistil,3,3,0,15,Mortar green palm,,,,,,,
FIRING_DATA_ROW,944.085,1,1.84,0,3.02,Palm w/ Green Pistil,"3""",50 Rack A,Palm w/ Green Pistil,4,4,0,15,Mortar green palm,,,,,,,
FIRING_DATA_ROW,948.734,1,1.84,0,3.02,Palm w/ Green Pistil,"3""",50 Rack C,Palm w/ Green Pistil,3,3,1,0,Mortar green palm,,,,,,,
FIRING_DATA_ROW,953.383,1,1.84,0,3.02,Palm w/ Green Pistil,"3""",50 Rack A,Palm w/ Green Pistil,4,4,1,0,Mortar green palm,,,,,,,
FIRING_DATA_ROW,958.033,1,1.84,0,3.02,Palm w/ Green Pistil,"3""",50 Rack C,Palm w/ Green Pistil,3,3,1,1,Mortar green palm,,,,,,,
FIRING_DATA_ROW,962.682,1,1.84,0,3.02,Palm w/ Green Pistil,"3""",50 Rack A,Palm w/ Green Pistil,4,4,1,1,Mortar green palm,,,,,,,
FIRING_DATA_ROW,967.331,1,1.84,0,3.02,Palm w/ Green Pistil,"3""",50 Rack C,Palm w/ Green Pistil,3,3,1,2,Mortar green palm,,,,,,,
FIRING_DATA_ROW,971.98,1,1.84,0,3.02,Palm w/ Green Pistil,"3""",50 Rack A,Palm w/ Green Pistil,4,4,1,2,Mortar green palm,,,,,,,
FIRING_DATA_ROW,976.629,1,1.84,0,3.02,Palm w/ Green Pistil,"3""",50 Rack C,Palm w/ Green Pistil,3,3,1,3,Mortar green palm,,,,,,,
FIRING_DATA_ROW,981.278,1,1.84,0,3.02,Palm w/ Green Pistil,"3""",50 Rack A,Palm w/ Green Pistil,4,4,1,3,Mortar green palm,,,,,,,
FIRING_DATA_ROW,985.927,1,1.84,0,3.02,Palm w/ Green Pistil,"3""",50 Rack C,Palm w/ Green Pistil,3,3,1,4,Mortar green palm,,,,,,,
FIRING_DATA_ROW,990.576,1,1.84,0,3.02,Palm w/ Green Pistil,"3""",50 Rack A,Palm w/ Green Pistil,4,4,1,4,Mortar green palm,,,,,,,
FIRING_DATA_ROW,995.226,1,1.84,0,3.02,Palm w/ Green Pistil,"3""",50 Rack C,Palm w/ Green Pistil,3,3,1,5,Mortar green palm,,,,,,,
FIRING_DATA_ROW,999.875,1,1.84,0,3.02,Palm w/ Green Pistil,"3""",50 Rack A,Palm w/ Green Pistil,4,4,1,5,Mortar green palm,,,,,,,
FIRING_DATA_ROW,1004.524,1,1.84,0,3.02,Palm w/ Green Pistil,"3""",50 Rack C,Palm w/ Green Pistil,3,3,1,6,Mortar green palm,,,,,,,
FIRING_DATA_ROW,1009.173,1,1.84,0,3.02,Palm w/ Green Pistil,"3""",50 Rack A,Palm w/ Green Pistil,4,4,1,6,Mortar green palm,,,,,,,
FIRING_DATA_ROW,1013.822,1,1.84,0,3.02,Palm w/ Green Pistil,"3""",50 Rack C,Palm w/ Green Pistil,3,3,1,7,Mortar green palm,,,,,,,
FIRING_DATA_ROW,1018.471,1,1.84,0,3.02,Palm w/ Green Pistil,"3""",50 Rack A,Palm w/ Green Pistil,4,4,1,7,Mortar green palm,,,,,,,
FIRING_DATA_ROW,1023.12,1,1.84,0,3.02,Palm w/ Green Pistil,"3""",50 Rack C,Palm w/ Green Pistil,3,3,1,8,Mortar green palm,,,,,,,
FIRING_DATA_ROW,1027.769,1,1.84,0,3.02,Palm w/ Green Pistil,"3""",50 Rack A,Palm w/ Green Pistil,4,4,1,8,Mortar green palm,,,,,,,
FIRING_DATA_ROW,1032.419,1,1.84,0,3.02,Palm w/ Green Pistil,"3""",50 Rack C,Palm w/ Green Pistil,3,3,1,9,Mortar green palm,,,,,,,
FIRING_DATA_ROW,1037.068,1,1.84,0,3.02,Palm w/ Green Pistil,"3""",50 Rack A,Palm w/ Green Pistil,4,4,1,9,Mortar green palm,,,,,,,
FIRING_DATA_ROW,1041.717,1,1.84,0,3.02,Palm w/ Green Pistil,"3""",50 Rack C,Palm w/ Green Pistil,3,3,1,10,Mortar green palm,,,,,,,
FIRING_DATA_ROW,1046.366,1,1.84,0,3.02,Palm w/ Green Pistil,"3""",50 Rack A,Palm w/ Green Pistil,4,4,1,10,Mortar green palm,,,,,,,
FIRING_DATA_ROW,1051.015,1,1.84,0,3.02,Palm w/ Green Pistil,"3""",50 Rack C,Palm w/ Green Pistil,3,3,1,11,Mortar green palm,,,,,,,
FIRING_DATA_ROW,1055.664,1,1.84,0,3.02,Palm w/ Green Pistil,"3""",50 Rack A,Palm w/ Green Pistil,4,4,1,11,Mortar green palm,,,,,,,
FIRING_DATA_ROW,1060.313,1,1.84,0,3.02,Palm w/ Green Pistil,"3""",50 Rack C,Palm w/ Green Pistil,3,3,1,12,Mortar green palm,,,,,,,
FIRING_DATA_ROW,1064.962,1,1.84,0,3.02,Palm w/ Green Pistil,"3""",50 Rack A,Palm w/ Green Pistil,4,4,1,12,Mortar green palm,,,,,,,
FIRING_DATA_ROW,1069.612,1,1.84,0,3.02,Palm w/ Green Pistil,"3""",50 Rack A,Palm w/ Green Pistil,3,3,1,13,Mortar green palm,,,,,,,
FIRING_DATA_ROW,1074.261,1,1.84,0,3.02,Palm w/ Green Pistil,"3""",50 Rack C,Palm w/ Green Pistil,4,4,1,13,Mortar green palm,,,,,,,
FIRING_DATA_ROW,1078.91,1,1.84,0,3.02,Palm w/ Green Pistil,"3""",50 Rack A,Palm w/ Green Pistil,3,3,1,14,Mortar green palm,,,,,,,
FIRING_DATA_ROW,1083.559,1,1.84,0,3.02,Palm w/ Green Pistil,"3""",50 Rack C,Palm w/ Green Pistil,4,4,1,14,Mortar green palm,,,,,,,
FIRING_DATA_ROW,1088.208,1,1.84,0,3.02,Palm w/ Green Pistil,"3""",50 Rack A,Palm w/ Green Pistil,3,3,1,15,Mortar green palm,,,,,,,
FIRING_DATA_ROW,1092.857,1,1.84,0,3.02,Palm w/ Green Pistil,"3""",50 Rack A,Palm w/ Green Pistil,4,4,1,15,Mortar green palm,,,,,,,
FIRING_DATA_ROW,1097.506,1,1.84,0,3.02,Palm w/ Green Pistil,"3""",50 Rack C,Palm w/ Green Pistil,3,3,2,0,Mortar green palm,,,,,,,
FIRING_DATA_ROW,1102.155,1,1.84,0,3.02,Palm w/ Green Pistil,"3""",50 Rack A,Palm w/ Green Pistil,4,4,2,0,Mortar green palm,,,,,,,
FIRING_DATA_ROW,1106.805,1,1.84,0,3.02,Palm w/ Green Pistil,"3""",50 Rack C,Palm w/ Green Pistil,3,3,2,1,Mortar green palm,,,,,,,
FIRING_DATA_ROW,1111.454,1,1.84,0,3.02,Palm w/ Green Pistil,"3""",50 Rack A,Palm w/ Green Pistil,4,4,2,1,Mortar green palm,,,,,,,
FIRING_DATA_ROW,1116.103,1,1.84,0,3.02,Palm w/ Green Pistil,"3""",50 Rack A,Palm w/ Green Pistil,3,3,2,2,Mortar green palm,,,,,,,
FIRING_DATA_ROW,1120.752,1,1.84,0,3.02,Palm w/ Green Pistil,"3""",50 Rack C,Palm w/ Green Pistil,4,4,2,2,Mortar green palm,,,,,,,
FIRING_DATA_ROW,1125.401,1,1.84,0,3.02,Palm w/ Green Pistil,"3""",50 Rack A,Palm w/ Green Pistil,3,3,2,3,Mortar green palm,,,,,,,
FIRING_DATA_ROW,1130.05,1,1.84,0,3.02,Palm w/ Green Pistil,"3""",50 Rack A,Palm w/ Green Pistil,4,4,2,3,Mortar green palm,,,,,,,
FIRING_DATA_ROW,1134.699,1,1.84,0,3.02,Palm w/ Green Pistil,"3""",50 Rack C,Palm w/ Green Pistil,3,3,2,4,Mortar green palm,,,,,,,
FIRING_DATA_ROW,1139.348,1,1.84,0,3.02,Palm w/ Green Pistil,"3""",50 Rack A,Palm w/ Green Pistil,4,4,2,4,Mortar green palm,,,,,,,
FIRING_DATA_ROW,1143.998,1,1.84,0,3.02,Palm w/ Green Pistil,"3""",50 Rack C,Palm w/ Green Pistil,3,3,2,5,Mortar green palm,,,,,,,
FIRING_DATA_ROW,1148.647,1,1.84,0,3.02,Palm w/ Green Pistil,"3""",50 Rack A,Palm w/ Green Pistil,4,4,2,5,Mortar green palm,,,,,,,
FIRING_DATA_ROW,1153.296,1,1.84,0,3.02,Palm w/ Green Pistil,"3""",50 Rack A,Palm w/ Green Pistil,3,3,2,6,Mortar green palm,,,,,,,
FIRING_DATA_ROW,1157.945,1,1.84,0,3.02,Palm w/ Green Pistil,"3""",50 Rack C,Palm w/ Green Pistil,4,4,2,6,Mortar green palm,,,,,,,
FIRING_DATA_ROW,1162.594,1,1.84,0,3.02,Palm w/ Green Pistil,"3""",50 Rack A,Palm w/ Green Pistil,3,3,2,7,Mortar green palm,,,,,,,
FIRING_DATA_ROW,1167.243,1,1.84,0,3.02,Palm w/ Green Pistil,"3""",50 Rack A,Palm w/ Green Pistil,4,4,2,7,Mortar green palm,,,,,,,
FIRING_DATA_ROW,1171.892,1,1.84,0,3.02,Palm w/ Green Pistil,"3""",50 Rack C,Palm w/ Green Pistil,3,3,2,8,Mortar green palm,,,,,,,
FIRING_DATA_ROW,1176.541,1,1.84,0,3.02,Palm w/ Green Pistil,"3""",50 Rack A,Palm w/ Green Pistil,4,4,2,8,Mortar green palm,,,,,,,
FIRING_DATA_ROW,1181.191,1,1.84,0,3.02,Palm w/ Green Pistil,"3""",50 Rack C,Palm w/ Green Pistil,3,3,2,9,Mortar green palm,,,,,,,
FIRING_DATA_ROW,1185.84,1,1.84,0,3.02,Palm w/ Green Pistil,"3""",50 Rack A,Palm w/ Green Pistil,4,4,2,9,Mortar green palm,,,,,,,
FIRING_DATA_ROW,1190.489,1,1.84,0,3.02,Palm w/ Green Pistil,"3""",50 Rack A,Palm w/ Green Pistil,3,3,2,10,Mortar green palm,,,,,,,
FIRING_DATA_ROW,1195.138,1,1.84,0,3.02,Palm w/ Green Pistil,"3""",50 Rack C,Palm w/ Green Pistil,4,4,2,10,Mortar green palm,,,,,,,
FIRING_DATA_ROW,1199.787,1,1.84,0,3.02,Palm w/ Green Pistil,"3""",50 Rack A,Palm w/ Green Pistil,3,3,2,11,Mortar green palm,,,,,,,
FIRING_DATA_ROW,1238.521,1,18.41,0,3.02,20 Shot Crackling Palm Fan Cake,"3""",Board 8,18.41s 20 Shot Crackling Palm Fan Cake (5 Rows),3,3,3,6,thunderbird flyby,,,,,,,
FIRING_DATA_ROW,1261.116,1,27,0,0,156 Shot Red White Blue Strobing Comet To Coconut Shells Cake Z Shape,"3""",Board 9,27s 156 Shot Red White Blue Strobing Comet Z Shape Cake (13 Rows),3,3,4,0,party like its 1776,,,,,,,
FIRING_DATA_ROW,1291.48,1,22,0,0,142 Shot Varg Comet w/ Timerain To Crackling Dahlia Cake Z Shape,"3""",Board 10,22s 142 Shot Z Shape Variegated Comet + Dragon Eggs Cake (7 Rows),3,3,5,3,Pandamonium,,,,,,,
FIRING_DATA_ROW,1315.349,1,22,0,0,230 Shot Varg Comet Cake Z Shape,"3""",Board 10,22s 230 Shot Red Blue Yellow Green Purple Pink Orange Comet w/ Tail Cake Z Shape (17 Rows),3,3,5,1,Color of USA,,,,,,,
FIRING_DATA_ROW,1338.5,1,59,0,3.02,36 Shot Strobing Peony w/ Pistil Cake,"3""",Board 11,59s 36 Shot Strobing Variegated Peony w/ Horsetail Cake (6 Rows),4,4,3,2,Sky Treats,,,,,,,
FIRING_DATA_ROW,1366.374,1,5.38,0,3.02,15 Shot Timerain Crackling Cake,"3""",Board 9,5.38s 15 Shot Crackling Gold Peony Cake (5 Rows),3,3,4,2,GM416B,,,,,,,
FIRING_DATA_ROW,1367.453,1,5.38,0,3.02,15 Shot Timerain Crackling Cake,"3""",Board 12,5.38s 15 Shot Crackling Gold Peony Cake (5 Rows),4,4,4,1,GM416B,,,,,,,
FIRING_DATA_ROW,1399.503,1,1.84,0,3.02,Palm w/ Green Pistil,"3""",50 Rack C,Palm w/ Green Pistil,4,4,2,11,Mortar green palm,,,,,,,
FIRING_DATA_ROW,1400.57,1,1.84,0,3.02,Palm w/ Green Pistil,"3""",50 Rack A,Palm w/ Green Pistil,3,3,2,12,Mortar green palm,,,,,,,
FIRING_DATA_ROW,1401.636,1,1.84,0,3.02,Palm w/ Green Pistil,"3""",50 Rack C,Palm w/ Green Pistil,4,4,2,12,Mortar green palm,,,,,,,
FIRING_DATA_ROW,1402.703,1,1.84,0,3.02,Palm w/ Green Pistil,"3""",50 Rack A,Palm w/ Green Pistil,3,3,2,13,Mortar green palm,,,,,,,
FIRING_DATA_ROW,1404.396,1,18.41,0,3.02,20 Shot Crackling Palm Fan Cake,"3""",Board 13,18.41s 20 Shot Crackling Palm Fan Cake (5 Rows),4,4,5,11,thunderbird flyby,,,,,,,
FIRING_DATA_ROW,1423.4,1,2,0,3.02,12 Shot Crackling Gold Peony Cake,"3""",Board 11,2s 12 Shot Crackling Gold Peony Cake (1 Row),4,4,3,9,MS498 12s Finale Box Quick Crackle,,,,,,,
FIRING_DATA_ROW,1424.636,1,2,0,3.02,12 Shot Crackling Gold Peony Cake,"3""",Board 9,2s 12 Shot Crackling Gold Peony Cake (1 Row),3,3,4,1,MS498 12s Finale Box Quick Crackle,,,,,,,
FIRING_DATA_ROW,1460.682,1,25.58,0,3.02,36 Shot Glittering Varg Dahlia Cake,"3""",Board 9,25.58s 30 Shot Glittering Variegated Dahlia Cake (6 Rows),3,3,4,3,Skyscraper,,,,,,,
FIRING_DATA_ROW,1488.862,1,44,0,3.02,21 Shot Crackling Palm Cake,"3""",Board 12,44s 21 Shot Crackling Palm Cake (7 Rows),4,4,4,4,10028 Electric Palms,,,,,,,
FIRING_DATA_ROW,1534.154,1,1.53,0,3.02,Green Peony,"3""",50 Rack C,Green Peony,3,3,0,0,Mortar Green Peony,,,,,,,
FIRING_DATA_ROW,1536.45,1,1.53,0,3.02,Green Peony,"3""",50 Rack A,Green Peony,4,4,0,0,Mortar Green Peony,,,,,,,
FIRING_DATA_ROW,1537.602,1,1.53,0,3.02,Green Peony,"3""",50 Rack C,Green Peony,3,3,0,1,Mortar Green Peony,,,,,,,
FIRING_DATA_ROW,1540.721,1,1.53,0,3.02,Green Peony,"3""",50 Rack A,Green Peony,4,4,0,1,Mortar Green Peony,,,,,,,
FIRING_DATA_ROW,1541.721,1,1.53,0,3.02,Green Peony,"3""",50 Rack C,Green Peony,3,3,0,2,Mortar Green Peony,,,,,,,
FIRING_DATA_ROW,1542.721,1,1.53,0,3.02,Green Peony,"3""",50 Rack C,Green Peony,4,4,0,2,Mortar Green Peony,,,,,,,
FIRING_DATA_ROW,1544.499,1,1.53,0,3.02,Green Peony,"3""",50 Rack C,Green Peony,3,3,0,3,Mortar Green Peony,,,,,,,
FIRING_DATA_ROW,1547.947,1,1.53,0,3.02,Green Peony,"3""",50 Rack C,Green Peony,4,4,0,3,Mortar Green Peony,,,,,,,
FIRING_DATA_ROW,1551.395,1,1.53,0,3.02,Green Peony,"3""",50 Rack C,Green Peony,3,3,0,4,Mortar Green Peony,,,,,,,
FIRING_DATA_ROW,1554.843,1,1.53,0,3.02,Green Peony,"3""",50 Rack C,Green Peony,4,4,0,4,Mortar Green Peony,,,,,,,
FIRING_DATA_ROW,1556.466,1,1.53,0,3.02,Green Peony,"3""",50 Rack A,Green Peony,3,3,0,5,Mortar Green Peony,,,,,,,
FIRING_DATA_ROW,1558.292,1,1.53,0,3.02,Green Peony,"3""",50 Rack C,Green Peony,4,4,0,5,Mortar Green Peony,,,,,,,
FIRING_DATA_ROW,1561.74,1,1.53,0,3.02,Green Peony,"3""",50 Rack C,Green Peony,3,3,0,6,Mortar Green Peony,,,,,,,
FIRING_DATA_ROW,1564.764,1,1.53,0,3.02,Green Peony,"3""",50 Rack A,Green Peony,4,4,0,6,Mortar Green Peony,,,,,,,
FIRING_DATA_ROW,1564.997,1,1.53,0,3.02,Green Peony,"3""",50 Rack C,Green Peony,3,3,0,7,Mortar Green Peony,,,,,,,
FIRING_DATA_ROW,1566.79,1,1.53,0,3.02,Green Peony,"3""",50 Rack A,Green Peony,4,4,0,7,Mortar Green Peony,,,,,,,
FIRING_DATA_ROW,1568.814,1,1.53,0,3.02,Green Peony,"3""",50 Rack C,Green Peony,4,4,0,10,Mortar Green Peony,,,,,,,
FIRING_DATA_ROW,1570.123,1,1.53,0,3.02,Green Peony,"3""",50 Rack A,Green Peony,3,3,0,8,Mortar Green Peony,,,,,,,
FIRING_DATA_ROW,1571.61,1,1.53,0,3.02,Green Peony,"3""",50 Rack A,Green Peony,3,3,0,10,Mortar Green Peony,,,,,,,
FIRING_DATA_ROW,1573.457,1,1.53,0,3.02,Green Peony,"3""",50 Rack A,Green Peony,4,4,0,8,Mortar Green Peony,,,,,,,
FIRING_DATA_ROW,1576.79,1,1.53,0,3.02,Green Peony,"3""",50 Rack C,Green Peony,3,3,0,9,Mortar Green Peony,,,,,,,
FIRING_DATA_ROW,1579.137,1,1.53,0,3.02,Green Peony,"3""",50 Rack A,Green Peony,4,4,0,9,Mortar Green Peony,,,,,,,
FIRING_DATA_ROW,1580.123,1,1.53,0,3.02,Green Peony,"3""",50 Rack A,Green Peony,3,3,0,11,Mortar Green Peony,,,,,,,
FIRING_DATA_ROW,1582.65,1,1.53,0,3.02,Green Peony,"3""",50 Rack C,Green Peony,4,4,0,11,Mortar Green Peony,,,,,,,
FIRING_DATA_ROW,1585.284,1,1.53,0,3.02,Green Peony,"3""",50 Rack C,Green Peony,3,3,0,12,Mortar Green Peony,,,,,,,
FIRING_DATA_ROW,1636.522,1,15,0,0,Varg Flame Projector,"3""",Flame 1,Variegated Flame Projector,,0,3,12,15 sec varg flame,,,,,,,
FIRING_DATA_ROW,1637.794,1,15,0,0,Varg Flame Projector,"3""",Flame 2,Variegated Flame Projector,1,1,0,10,15 sec varg flame,,,,,,,
FIRING_DATA_ROW,1652.022,1,15,0,0,Varg Flame Projector,"3""",Flame 3,Variegated Flame Projector,2,2,3,13,15 sec varg flame,,,,,,,
FIRING_DATA_ROW,1653.529,1,15,0,0,Varg Flame Projector,"3""",Flame 4,Variegated Flame Projector,1,1,3,11,15 sec varg flame,,,,,,,
FIRING_DATA_ROW,1664.57,1,36,0,3.55,9 Shot Gold Chrys Cake,"5""",Board 5,36s 9 Shot Gold Chrysanthemum Cake (1 Row),1,1,3,8,10003 Kamuro,,,,,,,
FIRING_DATA_ROW,1702.267,1,26.4,0,0,16 Shot Green Comet w/ Green Tail Cake,"3""",Board 0,26.4s 16 Shot Green Comet w/ Green Tail Cake (4 Rows),,0,0,5,10026 Bushy Green Comet,,,,,,,
FIRING_DATA_ROW,1702.494,1,26.4,0,0,16 Shot Green Comet w/ Green Tail Cake,"3""",Board 0,26.4s 16 Shot Green Comet w/ Green Tail Cake (4 Rows),,0,0,0,10026 Bushy Green Comet,,,,,,,
FIRING_DATA_ROW,1702.722,1,26.4,0,0,16 Shot Green Comet w/ Green Tail Cake,"3""",Board 1,26.4s 16 Shot Green Comet w/ Green Tail Cake (4 Rows),,0,1,7,10026 Bushy Green Comet,,,,,,,
FIRING_DATA_ROW,1702.949,1,26.4,0,0,16 Shot Green Comet w/ Green Tail Cake,"3""",Board 2,26.4s 16 Shot Green Comet w/ Green Tail Cake (4 Rows),1,1,0,6,10026 Bushy Green Comet,,,,,,,
FIRING_DATA_ROW,1703.176,1,26.4,0,0,16 Shot Green Comet w/ Green Tail Cake,"3""",Board 2,26.4s 16 Shot Green Comet w/ Green Tail Cake (4 Rows),1,1,0,9,10026 Bushy Green Comet,,,,,,,
FIRING_DATA_ROW,1703.403,1,26.4,0,0,16 Shot Green Comet w/ Green Tail Cake,"3""",Board 3,26.4s 16 Shot Green Comet w/ Green Tail Cake (4 Rows),1,1,1,2,10026 Bushy Green Comet,,,,,,,
FIRING_DATA_ROW,1703.631,1,26.4,0,0,16 Shot Green Comet w/ Green Tail Cake,"3""",Board 4,26.4s 16 Shot Green Comet w/ Green Tail Cake (4 Rows),1,1,2,1,10026 Bushy Green Comet,,,,,,,
FIRING_DATA_ROW,1703.858,1,26.4,0,0,16 Shot Green Comet w/ Green Tail Cake,"3""",Board 5,26.4s 16 Shot Green Comet w/ Green Tail Cake (4 Rows),1,1,3,7,10026 Bushy Green Comet,,,,,,,
FIRING_DATA_ROW,1704.085,1,26.4,0,0,16 Shot Green Comet w/ Green Tail Cake,"3""",Board 5,26.4s 16 Shot Green Comet w/ Green Tail Cake (4 Rows),1,1,3,6,10026 Bushy Green Comet,,,,,,,
FIRING_DATA_ROW,1704.312,1,26.4,0,0,16 Shot Green Comet w/ Green Tail Cake,"3""",Board 6,26.4s 16 Shot Green Comet w/ Green Tail Cake (4 Rows),2,2,0,7,10026 Bushy Green Comet,,,,,,,
FIRING_DATA_ROW,1704.54,1,26.4,0,0,16 Shot Green Comet w/ Green Tail Cake,"3""",Board 7,26.4s 16 Shot Green Comet w/ Green Tail Cake (4 Rows),2,2,1,0,10026 Bushy Green Comet,,,,,,,
FIRING_DATA_ROW,1704.767,1,26.4,0,0,16 Shot Green Comet w/ Green Tail Cake,"3""",Board 7,26.4s 16 Shot Green Comet w/ Green Tail Cake (4 Rows),2,2,1,6,10026 Bushy Green Comet,,,,,,,
FIRING_DATA_ROW,1733.697,1,29,0,3.02,36 Shot Crackling Green Dahlia To Dragon Eggs Cake,"3""",Board 7,29s 36 Shot Crackling Green Dahlia To Dragon Eggs Cake (6 Rows),2,2,1,3,shotgun wedding,,,,,,,
FIRING_DATA_ROW,1742.324,1,29,0,3.02,36 Shot Crackling Green Dahlia To Dragon Eggs Cake,"3""",Board 0,29s 36 Shot Crackling Green Dahlia To Dragon Eggs Cake (6 Rows),,0,0,3,shotgun wedding,,,,,,,
FIRING_DATA_ROW,1779.687,1,20,0,0,20 Shot Orange Crossette Cake,"3""",Board 4,20s 20 Shot Orange Crossette Cake (5 Rows),1,1,2,2,20 Shot Orange Crossette,,,,,,,
FIRING_DATA_ROW,1782.596,1,20,0,0,20 Shot Orange Crossette Cake,"3""",Board 2,20s 20 Shot Orange Crossette Cake (5 Rows),1,1,0,8,20 Shot Orange Crossette,,,,,,,
FIRING_DATA_ROW,1783.508,1,20,0,0,20 Shot Orange Crossette Cake,"3""",Board 7,20s 20 Shot Orange Crossette Cake (5 Rows),2,2,1,5,20 Shot Orange Crossette,,,,,,,
FIRING_DATA_ROW,1783.758,1,20,0,0,20 Shot Orange Crossette Cake,"3""",Board 3,20s 20 Shot Orange Crossette Cake (5 Rows),1,1,1,1,20 Shot Orange Crossette,,,,,,,
FIRING_DATA_ROW,1784.008,1,20,0,0,20 Shot Orange Crossette Cake,"3""",Board 5,20s 20 Shot Orange Crossette Cake (5 Rows),1,1,3,9,20 Shot Orange Crossette,,,,,,,
FIRING_DATA_ROW,1786.29,1,20,0,0,20 Shot Orange Crossette Cake,"3""",Board 0,20s 20 Shot Orange Crossette Cake (5 Rows),,0,0,6,20 Shot Orange Crossette,,,,,,,
FIRING_DATA_ROW,1786.54,1,20,0,0,20 Shot Orange Crossette Cake,"3""",Board 1,20s 20 Shot Orange Crossette Cake (5 Rows),,0,1,6,20 Shot Orange Crossette,,,,,,,
FIRING_DATA_ROW,1787.04,1,20,0,0,20 Shot Orange Crossette Cake,"3""",Board 6,20s 20 Shot Orange Crossette Cake (5 Rows),2,2,0,6,20 Shot Orange Crossette,,,,,,,
FIRING_DATA_ROW,1815.528,1,40.5,0,3.02,10 Shot Popcorn Crackle Chrys Cake,"3""",Board 7,40.5s 10 Shot Popcorn Crackle Chrysanthemum Cake (1 Row),2,2,1,4,690 12s Double Timerain Crackle,,,,,,,
FIRING_DATA_ROW,1815.528,1,40.5,0,3.02,10 Shot Popcorn Crackle Chrys Cake,"3""",Board 0,40.5s 10 Shot Popcorn Crackle Chrysanthemum Cake (1 Row),,0,0,1,690 12s Double Timerain Crackle,,,,,,,
FIRING_DATA_ROW,1878.893,1,0.5,0,0,White Strobing Comet,"3""",Comet A,White Strobing Comet,,0,4,0,photo flash comet,,,,,,,
FIRING_DATA_ROW,1879.303,1,0.5,0,0,White Strobing Comet,"3""",Comet C,White Strobing Comet,2,2,2,0,photo flash comet,,,,,,,
FIRING_DATA_ROW,1879.712,1,0.5,0,0,White Strobing Comet,"3""",Comet B,White Strobing Comet,1,1,4,0,photo flash comet,,,,,,,
FIRING_DATA_ROW,1880.122,1,0.5,0,0,White Strobing Comet,"3""",Comet B,White Strobing Comet,1,1,4,1,photo flash comet,,,,,,,
FIRING_DATA_ROW,1880.532,1,0.5,0,0,White Strobing Comet,"3""",Comet A,White Strobing Comet,,0,4,1,photo flash comet,,,,,,,
FIRING_DATA_ROW,1880.941,1,0.5,0,0,White Strobing Comet,"3""",Comet A,White Strobing Comet,,0,4,2,photo flash comet,,,,,,,
FIRING_DATA_ROW,1881.351,1,0.5,0,0,White Strobing Comet,"3""",Comet A,White Strobing Comet,,0,4,3,photo flash comet,,,,,,,
FIRING_DATA_ROW,1881.76,1,0.5,0,0,White Strobing Comet,"3""",Comet B,White Strobing Comet,1,1,4,2,photo flash comet,,,,,,,
FIRING_DATA_ROW,1882.17,1,0.5,0,0,White Strobing Comet,"3""",Comet B,White Strobing Comet,1,1,4,3,photo flash comet,,,,,,,
FIRING_DATA_ROW,1882.58,1,0.5,0,0,White Strobing Comet,"3""",Comet B,White Strobing Comet,1,1,4,4,photo flash comet,,,,,,,
FIRING_DATA_ROW,1882.989,1,0.5,0,0,White Strobing Comet,"3""",Comet C,White Strobing Comet,2,2,2,1,photo flash comet,,,,,,,
FIRING_DATA_ROW,1883.399,1,0.5,0,0,White Strobing Comet,"3""",Comet B,White Strobing Comet,1,1,4,5,photo flash comet,,,,,,,
FIRING_DATA_ROW,1883.809,1,0.5,0,0,White Strobing Comet,"3""",Comet C,White Strobing Comet,2,2,2,2,photo flash comet,,,,,,,
FIRING_DATA_ROW,1884.218,1,0.5,0,0,White Strobing Comet,"3""",Comet B,White Strobing Comet,1,1,4,6,photo flash comet,,,,,,,
FIRING_DATA_ROW,1884.628,1,0.5,0,0,White Strobing Comet,"3""",Comet B,White Strobing Comet,1,1,4,7,photo flash comet,,,,,,,
FIRING_DATA_ROW,1885.038,1,0.5,0,0,White Strobing Comet,"3""",Comet B,White Strobing Comet,1,1,4,8,photo flash comet,,,,,,,
FIRING_DATA_ROW,1885.447,1,0.5,0,0,White Strobing Comet,"3""",Comet C,White Strobing Comet,2,2,2,3,photo flash comet,,,,,,,
FIRING_DATA_ROW,1885.857,1,0.5,0,0,White Strobing Comet,"3""",Comet B,White Strobing Comet,1,1,4,9,photo flash comet,,,,,,,
FIRING_DATA_ROW,1886.266,1,0.5,0,0,White Strobing Comet,"3""",Comet A,White Strobing Comet,,0,4,4,photo flash comet,,,,,,,
FIRING_DATA_ROW,1886.676,1,0.5,0,0,White Strobing Comet,"3""",Comet A,White Strobing Comet,,0,4,5,photo flash comet,,,,,,,
FIRING_DATA_ROW,1887.086,1,0.5,0,0,White Strobing Comet,"3""",Comet A,White Strobing Comet,,0,4,6,photo flash comet,,,,,,,
FIRING_DATA_ROW,1887.495,1,0.5,0,0,White Strobing Comet,"3""",Comet A,White Strobing Comet,,0,4,7,photo flash comet,,,,,,,
FIRING_DATA_ROW,1887.905,1,0.5,0,0,White Strobing Comet,"3""",Comet B,White Strobing Comet,1,1,4,10,photo flash comet,,,,,,,
FIRING_DATA_ROW,1888.315,1,0.5,0,0,White Strobing Comet,"3""",Comet C,White Strobing Comet,2,2,2,4,photo flash comet,,,,,,,
FIRING_DATA_ROW,1888.724,1,0.5,0,0,White Strobing Comet,"3""",Comet A,White Strobing Comet,,0,4,8,photo flash comet,,,,,,,
FIRING_DATA_ROW,1889.134,1,0.5,0,0,White Strobing Comet,"3""",Comet C,White Strobing Comet,2,2,2,5,photo flash comet,,,,,,,
FIRING_DATA_ROW,1889.544,1,0.5,0,0,White Strobing Comet,"3""",Comet B,White Strobing Comet,1,1,4,11,photo flash comet,,,,,,,
FIRING_DATA_ROW,1889.953,1,0.5,0,0,White Strobing Comet,"3""",Comet B,White Strobing Comet,1,1,4,12,photo flash comet,,,,,,,
FIRING_DATA_ROW,1890.363,1,0.5,0,0,White Strobing Comet,"3""",Comet C,White Strobing Comet,2,2,2,6,photo flash comet,,,,,,,
FIRING_DATA_ROW,1890.773,1,0.5,0,0,White Strobing Comet,"3""",Comet B,White Strobing Comet,1,1,4,13,photo flash comet,,,,,,,
FIRING_DATA_ROW,1891.182,1,0.5,0,0,White Strobing Comet,"3""",Comet B,White Strobing Comet,1,1,4,14,photo flash comet,,,,,,,
FIRING_DATA_ROW,1891.592,1,0.5,0,0,White Strobing Comet,"3""",Comet C,White Strobing Comet,2,2,2,7,photo flash comet,,,,,,,
FIRING_DATA_ROW,1892.001,1,0.5,0,0,White Strobing Comet,"3""",Comet C,White Strobing Comet,2,2,2,8,photo flash comet,,,,,,,
FIRING_DATA_ROW,1892.411,1,0.5,0,0,White Strobing Comet,"3""",Comet C,White Strobing Comet,2,2,2,9,photo flash comet,,,,,,,
FIRING_DATA_ROW,1892.821,1,0.5,0,0,White Strobing Comet,"3""",Comet A,White Strobing Comet,,0,4,9,photo flash comet,,,,,,,
FIRING_DATA_ROW,1893.23,1,0.5,0,0,White Strobing Comet,"3""",Comet C,White Strobing Comet,2,2,2,10,photo flash comet,,,,,,,
FIRING_DATA_ROW,1893.64,1,0.5,0,0,White Strobing Comet,"3""",Comet A,White Strobing Comet,,0,4,10,photo flash comet,,,,,,,
FIRING_DATA_ROW,1894.05,1,0.5,0,0,White Strobing Comet,"3""",Comet C,White Strobing Comet,2,2,2,11,photo flash comet,,,,,,,
FIRING_DATA_ROW,1894.459,1,0.5,0,0,White Strobing Comet,"3""",Comet A,White Strobing Comet,,0,4,11,photo flash comet,,,,,,,
FIRING_DATA_ROW,1894.869,1,0.5,0,0,White Strobing Comet,"3""",Comet B,White Strobing Comet,1,1,4,15,photo flash comet,,,,,,,
FIRING_DATA_ROW,1895.279,1,0.5,0,0,White Strobing Comet,"3""",Comet C,White Strobing Comet,2,2,2,12,photo flash comet,,,,,,,
FIRING_DATA_ROW,1895.688,1,0.5,0,0,White Strobing Comet,"3""",Comet C,White Strobing Comet,2,2,2,13,photo flash comet,,,,,,,
FIRING_DATA_ROW,1896.098,1,0.5,0,0,White Strobing Comet,"3""",Comet A,White Strobing Comet,,0,4,12,photo flash comet,,,,,,,
FIRING_DATA_ROW,1896.507,1,0.5,0,0,White Strobing Comet,"3""",Comet B,White Strobing Comet,1,1,5,0,photo flash comet,,,,,,,
FIRING_DATA_ROW,1896.917,1,0.5,0,0,White Strobing Comet,"3""",Comet A,White Strobing Comet,,0,4,13,photo flash comet,,,,,,,
FIRING_DATA_ROW,1897.327,1,0.5,0,0,White Strobing Comet,"3""",Comet B,White Strobing Comet,1,1,5,1,photo flash comet,,,,,,,
FIRING_DATA_ROW,1897.736,1,0.5,0,0,White Strobing Comet,"3""",Comet C,White Strobing Comet,2,2,2,14,photo flash comet,,,,,,,
FIRING_DATA_ROW,1898.146,1,0.5,0,0,White Strobing Comet,"3""",Comet C,White Strobing Comet,2,2,2,15,photo flash comet,,,,,,,
FIRING_DATA_ROW,1898.556,1,0.5,0,0,White Strobing Comet,"3""",Comet A,White Strobing Comet,,0,4,14,photo flash comet,,,,,,,
FIRING_DATA_ROW,1898.965,1,0.5,0,0,White Strobing Comet,"3""",Comet C,White Strobing Comet,2,2,3,0,photo flash comet,,,,,,,
FIRING_DATA_ROW,1899.375,1,0.5,0,0,White Strobing Comet,"3""",Comet A,White Strobing Comet,,0,4,15,photo flash comet,,,,,,,
FIRING_DATA_ROW,1899.785,1,0.5,0,0,White Strobing Comet,"3""",Comet B,White Strobing Comet,1,1,5,2,photo flash comet,,,,,,,
FIRING_DATA_ROW,1900.194,1,0.5,0,0,White Strobing Comet,"3""",Comet B,White Strobing Comet,1,1,5,3,photo flash comet,,,,,,,
FIRING_DATA_ROW,1900.604,1,0.5,0,0,White Strobing Comet,"3""",Comet C,White Strobing Comet,2,2,3,1,photo flash comet,,,,,,,
FIRING_DATA_ROW,1901.013,1,0.5,0,0,White Strobing Comet,"3""",Comet B,White Strobing Comet,1,1,5,4,photo flash comet,,,,,,,
FIRING_DATA_ROW,1901.423,1,0.5,0,0,White Strobing Comet,"3""",Comet B,White Strobing Comet,1,1,5,5,photo flash comet,,,,,,,
FIRING_DATA_ROW,1901.833,1,0.5,0,0,White Strobing Comet,"3""",Comet B,White Strobing Comet,1,1,5,6,photo flash comet,,,,,,,
FIRING_DATA_ROW,1902.242,1,0.5,0,0,White Strobing Comet,"3""",Comet A,White Strobing Comet,,0,5,0,photo flash comet,,,,,,,
FIRING_DATA_ROW,1902.652,1,0.5,0,0,White Strobing Comet,"3""",Comet C,White Strobing Comet,2,2,3,2,photo flash comet,,,,,,,
FIRING_DATA_ROW,1903.062,1,0.5,0,0,White Strobing Comet,"3""",Comet A,White Strobing Comet,,0,5,1,photo flash comet,,,,,,,
FIRING_DATA_ROW,1903.471,1,0.5,0,0,White Strobing Comet,"3""",Comet B,White Strobing Comet,1,1,5,7,photo flash comet,,,,,,,
FIRING_DATA_ROW,1903.881,1,0.5,0,0,White Strobing Comet,"3""",Comet C,White Strobing Comet,2,2,3,3,photo flash comet,,,,,,,
FIRING_DATA_ROW,1904.291,1,0.5,0,0,White Strobing Comet,"3""",Comet A,White Strobing Comet,,0,5,2,photo flash comet,,,,,,,
FIRING_DATA_ROW,1904.7,1,0.5,0,0,White Strobing Comet,"3""",Comet A,White Strobing Comet,,0,5,3,photo flash comet,,,,,,,
FIRING_DATA_ROW,1905.11,1,0.5,0,0,White Strobing Comet,"3""",Comet C,White Strobing Comet,2,2,3,4,photo flash comet,,,,,,,
FIRING_DATA_ROW,1905.52,1,0.5,0,0,White Strobing Comet,"3""",Comet C,White Strobing Comet,2,2,3,5,photo flash comet,,,,,,,
FIRING_DATA_ROW,1905.929,1,0.5,0,0,White Strobing Comet,"3""",Comet A,White Strobing Comet,,0,5,4,photo flash comet,,,,,,,
FIRING_DATA_ROW,1906.339,1,0.5,0,0,White Strobing Comet,"3""",Comet B,White Strobing Comet,1,1,5,8,photo flash comet,,,,,,,
FIRING_DATA_ROW,1906.748,1,0.5,0,0,White Strobing Comet,"3""",Comet A,White Strobing Comet,,0,5,5,photo flash comet,,,,,,,
FIRING_DATA_ROW,1907.158,1,0.5,0,0,White Strobing Comet,"3""",Comet C,White Strobing Comet,2,2,3,6,photo flash comet,,,,,,,
FIRING_DATA_ROW,1907.568,1,0.5,0,0,White Strobing Comet,"3""",Comet C,White Strobing Comet,2,2,3,7,photo flash comet,,,,,,,
FIRING_DATA_ROW,1907.977,1,0.5,0,0,White Strobing Comet,"3""",Comet A,White Strobing Comet,,0,5,6,photo flash comet,,,,,,,
FIRING_DATA_ROW,1908.387,1,0.5,0,0,White Strobing Comet,"3""",Comet A,White Strobing Comet,,0,5,7,photo flash comet,,,,,,,
FIRING_DATA_ROW,1908.797,1,0.5,0,0,White Strobing Comet,"3""",Comet C,White Strobing Comet,2,2,3,8,photo flash comet,,,,,,,
FIRING_DATA_ROW,1909.206,1,0.5,0,0,White Strobing Comet,"3""",Comet C,White Strobing Comet,2,2,3,9,photo flash comet,,,,,,,
FIRING_DATA_ROW,1909.616,1,0.5,0,0,White Strobing Comet,"3""",Comet B,White Strobing Comet,1,1,5,9,photo flash comet,,,,,,,
FIRING_DATA_ROW,1910.026,1,0.5,0,0,White Strobing Comet,"3""",Comet B,White Strobing Comet,1,1,5,10,photo flash comet,,,,,,,
FIRING_DATA_ROW,1910.435,1,0.5,0,0,White Strobing Comet,"3""",Comet A,White Strobing Comet,,0,5,8,photo flash comet,,,,,,,
FIRING_DATA_ROW,1910.845,1,0.5,0,0,White Strobing Comet,"3""",Comet C,White Strobing Comet,2,2,3,10,photo flash comet,,,,,,,
FIRING_DATA_ROW,1911.254,1,0.5,0,0,White Strobing Comet,"3""",Comet C,White Strobing Comet,2,2,3,11,photo flash comet,,,,,,,
FIRING_DATA_ROW,1911.664,1,0.5,0,0,White Strobing Comet,"3""",Comet A,White Strobing Comet,,0,5,9,photo flash comet,,,,,,,
FIRING_DATA_ROW,1912.074,1,0.5,0,0,White Strobing Comet,"3""",Comet A,White Strobing Comet,,0,5,10,photo flash comet,,,,,,,
FIRING_DATA_ROW,1912.483,1,0.5,0,0,White Strobing Comet,"3""",Comet A,White Strobing Comet,,0,5,11,photo flash comet,,,,,,,
FIRING_DATA_ROW,1912.893,1,0.5,0,0,White Strobing Comet,"3""",Comet B,White Strobing Comet,1,1,5,11,photo flash comet,,,,,,,
FIRING_DATA_ROW,1915.251,1,0,0,0,15 Shot Red White & Blue Above Mine Fan,"7""",Board 3,0s 15 Shot Red White & Blue Above Mine Fan (1 Row),1,1,1,12,SE182,,,,,,,
FIRING_DATA_ROW,1916.141,1,15,0,0,75 Shot Rainbow Dahlia Mine Fan,"3""",Board 0,15s 75 Shot Rainbow Comet Fan (5 Rows),,0,0,7,rainbow dahlia mine fan,,,,,,,
FIRING_DATA_ROW,1916.641,1,15,0,0,75 Shot Rainbow Dahlia Mine Fan,"3""",Board 7,15s 75 Shot Rainbow Comet Fan (5 Rows),2,2,1,1,rainbow dahlia mine fan,,,,,,,
FIRING_DATA_ROW,1921.906,1,22,0,0,49 Shot Red To Green To Blue Crossette Cake,"5""",Board 5,22s 49 Shot Red To Green To Blue Crossette Cake (7 Rows),1,1,3,10,10017 Colorful World of Crossettes,,,,,,,
FIRING_DATA_ROW,1921.906,1,22,0,0,49 Shot Red To Green To Blue Crossette Cake,"5""",Board 2,22s 49 Shot Red To Green To Blue Crossette Cake (7 Rows),1,1,0,7,10017 Colorful World of Crossettes,,,,,,,
FIRING_DATA_ROW,1948.669,1,0,0,1.59,7 Shot White Strobing Comet Fan,"1""",Board 3,0s 7 Shot White Photoflash Comet Fan (1 Row),1,1,1,10,photo flash sweep,,,,,,,
FIRING_DATA_ROW,1951.169,1,0,0,1.59,7 Shot White Strobing Comet Fan,"1""",Board 4,0s 7 Shot White Photoflash Comet Fan (1 Row),1,1,2,10,photo flash sweep,,,,,,,
FIRING_DATA_ROW,1953.669,1,0,0,1.59,7 Shot White Strobing Comet Fan,"1""",Board 1,0s 7 Shot White Photoflash Comet Fan (1 Row),,0,1,8,photo flash sweep,,,,,,,
FIRING_DATA_ROW,1955.394,1,0,0,1.59,7 Shot White Strobing Comet Fan,"1""",Board 3,0s 7 Shot White Photoflash Comet Fan (1 Row),1,1,1,11,photo flash sweep,,,,,,,
FIRING_DATA_ROW,1957.107,1,0,0,1.59,7 Shot White Strobing Comet Fan,"1""",Board 6,0s 7 Shot White Photoflash Comet Fan (1 Row),2,2,0,12,photo flash sweep,,,,,,,
FIRING_DATA_ROW,1958.876,1,0,0,1.59,7 Shot White Strobing Comet Fan,"1""",Board 1,0s 7 Shot White Photoflash Comet Fan (1 Row),2,2,0,8,photo flash sweep,,,,,,,
FIRING_DATA_ROW,1960.289,1,0,0,1.59,7 Shot White Strobing Comet Fan,"1""",Board 4,0s 7 Shot White Photoflash Comet Fan (1 Row),,0,0,4,photo flash sweep,,,,,,,
FIRING_DATA_ROW,1964.634,1,39,0,3.02,33 Shot Coconut Shell Cake,"3""",Board 6,39s 33 Shot Coconut Shell Cake (6 Rows),,0,1,14,10056 Openfire,,,,,,,
FIRING_DATA_ROW,1964.634,1,44,0,3.02,21 Shot Crackling Palm Cake,"3""",Board 0,44s 21 Shot Crackling Palm Cake (7 Rows),2,2,0,15,10028 Electric Palms,,,,,,,
FIRING_DATA_ROW,1966.989,1,0.25,0,0,Cremora Fireball Medium,,Board 1,Cremora Fireball Medium,1,1,3,0,GFX1003,GFX1003,,,,15,,
FIRING_DATA_ROW,1966.989,1,0.25,0,0,Cremora Fireball Medium,,Board 6,Cremora Fireball Medium,2,2,0,0,GFX1003,GFX1003,,,,15,,
FIRING_DATA_ROW,2007.322,1,1.61,0,0,Gold Comet,"3""",Board 5,Gold Comet,2,2,1,7,Gold Wave Comet,,,,,,,
FIRING_DATA_ROW,2007.322,1,1.61,0,0,Gold Comet,"3""",Board 6,Gold Comet,,0,0,8,Gold Wave Comet,,,,,,,
FIRING_DATA_ROW,2007.322,1,1.61,0,0,Gold Comet,"3""",Board 7,Gold Comet,,0,1,0,Gold Wave Comet,,,,,,,
FIRING_DATA_ROW,2007.322,1,1.61,0,0,Gold Comet,"3""",Board 0,Gold Comet,1,1,0,0,Gold Wave Comet,,,,,,,
FIRING_DATA_ROW,2007.322,1,1.61,0,0,Gold Comet,"3""",Board 1,Gold Comet,1,1,1,4,Gold Wave Comet,,,,,,,
FIRING_DATA_ROW,2007.322,1,1.61,0,0,Gold Comet,"3""",Board 2,Gold Comet,1,1,2,4,Gold Wave Comet,,,,,,,
FIRING_DATA_ROW,2007.322,1,1.61,0,0,Gold Comet,"3""",Board 3,Gold Comet,,0,1,5,Gold Wave Comet,,,,,,,
FIRING_DATA_ROW,2007.322,1,1.61,0,0,Gold Comet,"3""",Board 4,Gold Comet,1,1,0,5,Gold Wave Comet,,,,,,,
FIRING_DATA_ROW,2009.239,1,1.61,0,0,Gold Comet,"3""",Board 1,Gold Comet,1,1,1,7,Gold Wave Comet,,,,,,,
FIRING_DATA_ROW,2009.239,1,1.61,0,0,Gold Comet,"3""",Board 2,Gold Comet,1,1,2,7,Gold Wave Comet,,,,,,,
FIRING_DATA_ROW,2009.239,1,1.61,0,0,Gold Comet,"3""",Board 3,Gold Comet,1,1,3,5,Gold Wave Comet,,,,,,,
FIRING_DATA_ROW,2009.239,1,1.61,0,0,Gold Comet,"3""",Board 4,Gold Comet,2,2,0,5,Gold Wave Comet,,,,,,,
FIRING_DATA_ROW,2009.239,1,1.61,0,0,Gold Comet,"3""",Board 5,Gold Comet,2,2,1,10,Gold Wave Comet,,,,,,,
FIRING_DATA_ROW,2009.239,1,1.61,0,0,Gold Comet,"3""",Board 6,Gold Comet,,0,0,11,Gold Wave Comet,,,,,,,
FIRING_DATA_ROW,2009.239,1,1.61,0,0,Gold Comet,"3""",Board 7,Gold Comet,,0,0,10,Gold Wave Comet,,,,,,,
FIRING_DATA_ROW,2009.249,1,1.61,0,0,Gold Comet,"3""",Board 0,Gold Comet,,0,1,4,Gold Wave Comet,,,,,,,
FIRING_DATA_ROW,2011.181,1,1.61,0,0,Gold Comet,"3""",Board 0,Gold Comet,1,1,0,3,Gold Wave Comet,,,,,,,
FIRING_DATA_ROW,2011.181,1,1.61,0,0,Gold Comet,"3""",Board 1,Gold Comet,1,1,1,6,Gold Wave Comet,,,,,,,
FIRING_DATA_ROW,2011.181,1,1.61,0,0,Gold Comet,"3""",Board 2,Gold Comet,1,1,2,6,Gold Wave Comet,,,,,,,
FIRING_DATA_ROW,2011.181,1,1.61,0,0,Gold Comet,"3""",Board 3,Gold Comet,1,1,3,4,Gold Wave Comet,,,,,,,
FIRING_DATA_ROW,2011.181,1,1.61,0,0,Gold Comet,"3""",Board 4,Gold Comet,2,2,0,3,Gold Wave Comet,,,,,,,
FIRING_DATA_ROW,2011.181,1,1.61,0,0,Gold Comet,"3""",Board 5,Gold Comet,2,2,1,9,Gold Wave Comet,,,,,,,
FIRING_DATA_ROW,2011.181,1,1.61,0,0,Gold Comet,"3""",Board 6,Gold Comet,,0,0,9,Gold Wave Comet,,,,,,,
FIRING_DATA_ROW,2011.181,1,1.61,0,0,Gold Comet,"3""",Board 7,Gold Comet,,0,1,2,Gold Wave Comet,,,,,,,
FIRING_DATA_ROW,2013.098,1,1.61,0,0,Gold Comet,"3""",Board 0,Gold Comet,1,1,0,1,Gold Wave Comet,,,,,,,
FIRING_DATA_ROW,2013.098,1,1.61,0,0,Gold Comet,"3""",Board 1,Gold Comet,1,1,1,5,Gold Wave Comet,,,,,,,
FIRING_DATA_ROW,2013.098,1,1.61,0,0,Gold Comet,"3""",Board 2,Gold Comet,1,1,2,5,Gold Wave Comet,,,,,,,
FIRING_DATA_ROW,2013.098,1,1.61,0,0,Gold Comet,"3""",Board 3,Gold Comet,1,1,3,2,Gold Wave Comet,,,,,,,
FIRING_DATA_ROW,2013.098,1,1.61,0,0,Gold Comet,"3""",Board 4,Gold Comet,2,2,0,1,Gold Wave Comet,,,,,,,
FIRING_DATA_ROW,2013.098,1,1.61,0,0,Gold Comet,"3""",Board 5,Gold Comet,2,2,1,8,Gold Wave Comet,,,,,,,
FIRING_DATA_ROW,2013.098,1,1.61,0,0,Gold Comet,"3""",Board 6,Gold Comet,,0,1,9,Gold Wave Comet,,,,,,,
FIRING_DATA_ROW,2013.098,1,1.61,0,0,Gold Comet,"3""",Board 7,Gold Comet,2,2,0,9,Gold Wave Comet,,,,,,,
FIRING_DATA_ROW,2016.75,1,0,0,1.59,7 Shot White Strobing Comet Fan,"1""",Board 1,0s 7 Shot White Photoflash Comet Fan (1 Row),2,2,0,10,photo flash sweep,,,,,,,
FIRING_DATA_ROW,2018.15,1,0,0,1.59,7 Shot White Strobing Comet Fan,"1""",Board 6,0s 7 Shot White Photoflash Comet Fan (1 Row),,0,1,11,photo flash sweep,,,,,,,
FIRING_DATA_ROW,2019.55,1,0,0,1.59,7 Shot White Strobing Comet Fan,"1""",Board 6,0s 7 Shot White Photoflash Comet Fan (1 Row),2,2,0,11,photo flash sweep,,,,,,,
FIRING_DATA_ROW,2020.95,1,0,0,1.59,7 Shot White Strobing Comet Fan,"1""",Board 1,0s 7 Shot White Photoflash Comet Fan (1 Row),,0,1,10,photo flash sweep,,,,,,,
FIRING_DATA_ROW,2022.35,1,0,0,1.59,7 Shot White Strobing Comet Fan,"1""",Board 6,0s 7 Shot White Photoflash Comet Fan (1 Row),1,1,2,11,photo flash sweep,,,,,,,
FIRING_DATA_ROW,2054.8,1,9.7,0,0,49 Shot Gold Mine Cake Fan,"3""",Board 4,9.7s 49 Shot Gold Strobing Mine Cake Z Shape (7 Rows),1,1,2,3,GM524B,,,,,,,
FIRING_DATA_ROW,2066.663,1,12.3,0,3.02,25 Shot Gold Mine To Gold Brocade Cake,"3""",Board 3,12.3s 25 Shot Gold Mine To Gold Brocade Cake Z Shape (5 Rows),1,1,1,3,10022 Gold Mine to Gold Brocade 585A,,,,,,,
FIRING_DATA_ROW,2086.386,1,27.18,0,3.59,30 Shot Red Green Blue Yellow Pink Mine To Red Green Blue Yellow Pink Chrysanthemum Fan Cake,"5""",Board 4,27.18s 30 Shot Red Mine To Red Peony Cake Fan (5 Rows),1,1,2,0,Western Sky,,,,,,,
FIRING_DATA_ROW,2148.724,1,17.15,0,0,149 Shot Varg Comet w/ Tail Cake Z Shape,"3""",Board 3,17.15s 149 Shot Variegated Comet w/ Tail Cake Z Shape (15 Rows),1,1,1,0,10026 Golden Peacock,,,,,,,
FIRING_DATA_ROW,2163.73,1,1.16,0,0,Blue Dahlia Mine w/ White Strobing,"3""",Board 3,Blue Dahlia Mine w/ White Strobing,1,1,1,9,blue dahlia mine w/ strobe,,,,,,,
FIRING_DATA_ROW,2164.095,1,1.16,0,0,Blue Dahlia Mine w/ White Strobing,"3""",Board 1,Blue Dahlia Mine w/ White Strobing,,0,1,2,blue dahlia mine w/ strobe,,,,,,,
FIRING_DATA_ROW,2164.43,1,1.16,0,0,Blue Dahlia Mine w/ White Strobing,"3""",Board 5,Blue Dahlia Mine w/ White Strobing,1,1,3,3,blue dahlia mine w/ strobe,,,,,,,
FIRING_DATA_ROW,2164.667,1,1.16,0,0,Blue Dahlia Mine w/ White Strobing,"3""",Board 0,Blue Dahlia Mine w/ White Strobing,,0,0,13,blue dahlia mine w/ strobe,,,,,,,
FIRING_DATA_ROW,2164.997,1,1.16,0,0,Blue Dahlia Mine w/ White Strobing,"3""",Board 6,Blue Dahlia Mine w/ White Strobing,2,2,0,2,blue dahlia mine w/ strobe,,,,,,,
FIRING_DATA_ROW,2165.259,1,1.16,0,0,Blue Dahlia Mine w/ White Strobing,"3""",Board 0,Blue Dahlia Mine w/ White Strobing,,0,0,12,blue dahlia mine w/ strobe,,,,,,,
FIRING_DATA_ROW,2165.259,1,1.16,0,0,Blue Dahlia Mine w/ White Strobing,"3""",Board 1,Blue Dahlia Mine w/ White Strobing,,0,1,1,blue dahlia mine w/ strobe,,,,,,,
FIRING_DATA_ROW,2165.259,1,1.16,0,0,Blue Dahlia Mine w/ White Strobing,"3""",Board 2,Blue Dahlia Mine w/ White Strobing,1,1,0,2,blue dahlia mine w/ strobe,,,,,,,
FIRING_DATA_ROW,2165.259,1,1.16,0,0,Blue Dahlia Mine w/ White Strobing,"3""",Board 3,Blue Dahlia Mine w/ White Strobing,1,1,1,8,blue dahlia mine w/ strobe,,,,,,,
FIRING_DATA_ROW,2165.259,1,1.16,0,0,Blue Dahlia Mine w/ White Strobing,"3""",Board 4,Blue Dahlia Mine w/ White Strobing,1,1,2,8,blue dahlia mine w/ strobe,,,,,,,
FIRING_DATA_ROW,2165.259,1,1.16,0,0,Blue Dahlia Mine w/ White Strobing,"3""",Board 5,Blue Dahlia Mine w/ White Strobing,1,1,3,1,blue dahlia mine w/ strobe,,,,,,,
FIRING_DATA_ROW,2165.259,1,1.16,0,0,Blue Dahlia Mine w/ White Strobing,"3""",Board 6,Blue Dahlia Mine w/ White Strobing,2,2,0,4,blue dahlia mine w/ strobe,,,,,,,
FIRING_DATA_ROW,2165.259,1,1.16,0,0,Blue Dahlia Mine w/ White Strobing,"3""",Board 7,Blue Dahlia Mine w/ White Strobing,2,2,1,11,blue dahlia mine w/ strobe,,,,,,,
FIRING_DATA_ROW,2165.259,1,1.16,0,0,Blue Dahlia Mine w/ White Strobing,"3""",Board 2,Blue Dahlia Mine w/ White Strobing,1,1,0,4,blue dahlia mine w/ strobe,,,,,,,
FIRING_DATA_ROW,2165.259,1,1.16,0,0,Blue Dahlia Mine w/ White Strobing,"3""",Board 4,Blue Dahlia Mine w/ White Strobing,1,1,2,9,blue dahlia mine w/ strobe,,,,,,,
FIRING_DATA_ROW,2165.259,1,1.16,0,0,Blue Dahlia Mine w/ White Strobing,"3""",Board 7,Blue Dahlia Mine w/ White Strobing,2,2,1,12,blue dahlia mine w/ strobe,,,,,,,
FIRING_DATA_ROW,2166.424,1,9.7,0,0,49 Shot Gold Mine Cake Fan,"3""",Board 7,9.7s 49 Shot Gold Strobing Mine Cake Z Shape (7 Rows),2,2,1,2,GM524B,,,,,,,
FIRING_DATA_ROW,2166.424,1,9.7,0,0,49 Shot Gold Mine Cake Fan,"3""",Board 0,9.7s 49 Shot Gold Strobing Mine Cake Z Shape (7 Rows),,0,0,2,GM524B,,,,,,,
FIRING_DATA_ROW,2180.545,1,1.84,0,3.02,Palm w/ Green Pistil,"3""",32 rack A,Palm w/ Green Pistil,2,2,4,0,Mortar green palm,,,,,,,
FIRING_DATA_ROW,2181.061,1,1.84,0,3.02,Palm w/ Green Pistil,"3""",32 rack A,Palm w/ Green Pistil,2,2,4,1,Mortar green palm,,,,,,,
FIRING_DATA_ROW,2181.577,1,1.84,0,3.02,Palm w/ Green Pistil,"3""",32 rack A,Palm w/ Green Pistil,2,2,4,2,Mortar green palm,,,,,,,
FIRING_DATA_ROW,2182.093,1,1.84,0,3.02,Palm w/ Green Pistil,"3""",32 Rack B,Palm w/ Green Pistil,,0,2,9,Mortar green palm,,,,,,,
FIRING_DATA_ROW,2182.61,1,1.84,0,3.02,Palm w/ Green Pistil,"3""",32 rack A,Palm w/ Green Pistil,2,2,5,3,Mortar green palm,,,,,,,
FIRING_DATA_ROW,2183.126,1,1.84,0,3.02,Palm w/ Green Pistil,"3""",32 Rack B,Palm w/ Green Pistil,,0,2,12,Mortar green palm,,,,,,,
FIRING_DATA_ROW,2183.565,1,0.25,0,0,Cremora Fireball Medium,,Board 0,Cremora Fireball Medium,,0,0,14,GFX1003,GFX1003,,,,15,,
FIRING_DATA_ROW,2183.565,1,0.25,0,0,Cremora Fireball Medium,,Board 7,Cremora Fireball Medium,2,2,1,13,GFX1003,GFX1003,,,,15,,
FIRING_DATA_ROW,2183.642,1,1.84,0,3.02,Palm w/ Green Pistil,"3""",32 rack A,Palm w/ Green Pistil,2,2,4,6,Mortar green palm,,,,,,,
FIRING_DATA_ROW,2184.158,1,1.84,0,3.02,Palm w/ Green Pistil,"3""",32 Rack B,Palm w/ Green Pistil,,0,3,0,Mortar green palm,,,,,,,
FIRING_DATA_ROW,2184.674,1,1.84,0,3.02,Palm w/ Green Pistil,"3""",32 rack A,Palm w/ Green Pistil,2,2,4,11,Mortar green palm,,,,,,,
FIRING_DATA_ROW,2185.19,1,1.84,0,3.02,Palm w/ Green Pistil,"3""",32 rack A,Palm w/ Green Pistil,2,2,5,15,Mortar green palm,,,,,,,
FIRING_DATA_ROW,2185.706,1,1.84,0,3.02,Palm w/ Green Pistil,"3""",32 Rack B,Palm w/ Green Pistil,,0,3,6,Mortar green palm,,,,,,,
FIRING_DATA_ROW,2186.222,1,1.84,0,3.02,Palm w/ Green Pistil,"3""",32 Rack B,Palm w/ Green Pistil,,0,2,7,Mortar green palm,,,,,,,
FIRING_DATA_ROW,2186.739,1,1.84,0,3.02,Palm w/ Green Pistil,"3""",32 Rack B,Palm w/ Green Pistil,,0,2,5,Mortar green palm,,,,,,,
FIRING_DATA_ROW,2187.255,1,1.84,0,3.02,Palm w/ Green Pistil,"3""",32 rack A,Palm w/ Green Pistil,2,2,5,9,Mortar green palm,,,,,,,
FIRING_DATA_ROW,2187.771,1,1.84,0,3.02,Palm w/ Green Pistil,"3""",32 Rack B,Palm w/ Green Pistil,,0,3,8,Mortar green palm,,,,,,,
FIRING_DATA_ROW,2188.287,1,1.84,0,3.02,Palm w/ Green Pistil,"3""",32 Rack B,Palm w/ Green Pistil,,0,2,0,Mortar green palm,,,,,,,
FIRING_DATA_ROW,2188.803,1,1.84,0,3.02,Palm w/ Green Pistil,"3""",32 Rack B,Palm w/ Green Pistil,,0,2,11,Mortar green palm,,,,,,,
FIRING_DATA_ROW,2189.319,1,1.84,0,3.02,Palm w/ Green Pistil,"3""",32 Rack B,Palm w/ Green Pistil,,0,2,13,Mortar green palm,,,,,,,
FIRING_DATA_ROW,2189.835,1,1.84,0,3.02,Palm w/ Green Pistil,"3""",32 Rack B,Palm w/ Green Pistil,,0,3,10,Mortar green palm,,,,,,,
FIRING_DATA_ROW,2190.351,1,1.84,0,3.02,Palm w/ Green Pistil,"3""",32 rack A,Palm w/ Green Pistil,2,2,5,11,Mortar green palm,,,,,,,
FIRING_DATA_ROW,2190.868,1,1.84,0,3.02,Palm w/ Green Pistil,"3""",32 Rack B,Palm w/ Green Pistil,,0,3,1,Mortar green palm,,,,,,,
FIRING_DATA_ROW,2191.384,1,1.84,0,3.02,Palm w/ Green Pistil,"3""",32 Rack B,Palm w/ Green Pistil,,0,2,2,Mortar green palm,,,,,,,
FIRING_DATA_ROW,2191.9,1,1.84,0,3.02,Palm w/ Green Pistil,"3""",32 Rack B,Palm w/ Green Pistil,,0,2,15,Mortar green palm,,,,,,,
FIRING_DATA_ROW,2192.416,1,1.84,0,3.02,Palm w/ Green Pistil,"3""",32 Rack B,Palm w/ Green Pistil,,0,2,6,Mortar green palm,,,,,,,
FIRING_DATA_ROW,2192.932,1,1.84,0,3.02,Palm w/ Green Pistil,"3""",32 rack A,Palm w/ Green Pistil,2,2,4,5,Mortar green palm,,,,,,,
FIRING_DATA_ROW,2193.448,1,1.84,0,3.02,Palm w/ Green Pistil,"3""",32 rack A,Palm w/ Green Pistil,2,2,5,5,Mortar green palm,,,,,,,
FIRING_DATA_ROW,2193.964,1,1.84,0,3.02,Palm w/ Green Pistil,"3""",32 Rack B,Palm w/ Green Pistil,,0,3,14,Mortar green palm,,,,,,,
FIRING_DATA_ROW,2194.48,1,1.84,0,3.02,Palm w/ Green Pistil,"3""",32 Rack B,Palm w/ Green Pistil,,0,3,13,Mortar green palm,,,,,,,
FIRING_DATA_ROW,2194.997,1,1.84,0,3.02,Palm w/ Green Pistil,"3""",32 Rack B,Palm w/ Green Pistil,,0,2,1,Mortar green palm,,,,,,,
FIRING_DATA_ROW,2195.513,1,1.84,0,3.02,Palm w/ Green Pistil,"3""",32 Rack B,Palm w/ Green Pistil,,0,3,11,Mortar green palm,,,,,,,
FIRING_DATA_ROW,2196.029,1,1.84,0,3.02,Palm w/ Green Pistil,"3""",32 rack A,Palm w/ Green Pistil,2,2,4,4,Mortar green palm,,,,,,,
FIRING_DATA_ROW,2196.545,1,1.84,0,3.02,Palm w/ Green Pistil,"3""",32 rack A,Palm w/ Green Pistil,2,2,5,12,Mortar green palm,,,,,,,
FIRING_DATA_ROW,2197.029,1,1.84,0,3.02,Palm w/ Green Pistil,"3""",32 Rack B,Palm w/ Green Pistil,,0,3,15,Mortar green palm,,,,,,,
FIRING_DATA_ROW,2197.545,1,1.84,0,3.02,Palm w/ Green Pistil,"3""",32 Rack B,Palm w/ Green Pistil,,0,2,10,Mortar green palm,,,,,,,
FIRING_DATA_ROW,2198.061,1,1.84,0,3.02,Palm w/ Green Pistil,"3""",32 rack A,Palm w/ Green Pistil,2,2,4,10,Mortar green palm,,,,,,,
FIRING_DATA_ROW,2198.577,1,1.84,0,3.02,Palm w/ Green Pistil,"3""",32 Rack B,Palm w/ Green Pistil,,0,3,7,Mortar green palm,,,,,,,
FIRING_DATA_ROW,2199.094,1,1.84,0,3.02,Palm w/ Green Pistil,"3""",32 Rack B,Palm w/ Green Pistil,,0,3,3,Mortar green palm,,,,,,,
FIRING_DATA_ROW,2199.61,1,1.84,0,3.02,Palm w/ Green Pistil,"3""",32 rack A,Palm w/ Green Pistil,2,2,5,8,Mortar green palm,,,,,,,
FIRING_DATA_ROW,2200.126,1,1.84,0,3.02,Palm w/ Green Pistil,"3""",32 rack A,Palm w/ Green Pistil,2,2,4,13,Mortar green palm,,,,,,,
FIRING_DATA_ROW,2200.642,1,1.84,0,3.02,Palm w/ Green Pistil,"3""",32 Rack B,Palm w/ Green Pistil,,0,3,12,Mortar green palm,,,,,,,
FIRING_DATA_ROW,2201.158,1,1.84,0,3.02,Palm w/ Green Pistil,"3""",32 rack A,Palm w/ Green Pistil,2,2,4,15,Mortar green palm,,,,,,,
FIRING_DATA_ROW,2201.674,1,1.84,0,3.02,Palm w/ Green Pistil,"3""",32 rack A,Palm w/ Green Pistil,2,2,5,10,Mortar green palm,,,,,,,
FIRING_DATA_ROW,2202.19,1,1.84,0,3.02,Palm w/ Green Pistil,"3""",32 Rack B,Palm w/ Green Pistil,,0,3,2,Mortar green palm,,,,,,,
FIRING_DATA_ROW,2202.706,1,1.84,0,3.02,Palm w/ Green Pistil,"3""",32 rack A,Palm w/ Green Pistil,2,2,5,14,Mortar green palm,,,,,,,
FIRING_DATA_ROW,2203.223,1,1.84,0,3.02,Palm w/ Green Pistil,"3""",32 rack A,Palm w/ Green Pistil,2,2,4,12,Mortar green palm,,,,,,,
FIRING_DATA_ROW,2203.739,1,1.84,0,3.02,Palm w/ Green Pistil,"3""",32 Rack B,Palm w/ Green Pistil,,0,3,4,Mortar green palm,,,,,,,
FIRING_DATA_ROW,2204.255,1,1.84,0,3.02,Palm w/ Green Pistil,"3""",32 Rack B,Palm w/ Green Pistil,,0,2,8,Mortar green palm,,,,,,,
FIRING_DATA_ROW,2204.771,1,1.84,0,3.02,Palm w/ Green Pistil,"3""",32 Rack B,Palm w/ Green Pistil,,0,2,4,Mortar green palm,,,,,,,
FIRING_DATA_ROW,2205.287,1,1.84,0,3.02,Palm w/ Green Pistil,"3""",32 rack A,Palm w/ Green Pistil,2,2,5,0,Mortar green palm,,,,,,,
FIRING_DATA_ROW,2205.803,1,1.84,0,3.02,Palm w/ Green Pistil,"3""",32 rack A,Palm w/ Green Pistil,2,2,4,8,Mortar green palm,,,,,,,
FIRING_DATA_ROW,2206.319,1,1.84,0,3.02,Palm w/ Green Pistil,"3""",32 rack A,Palm w/ Green Pistil,2,2,4,3,Mortar green palm,,,,,,,
FIRING_DATA_ROW,2206.835,1,1.84,0,3.02,Palm w/ Green Pistil,"3""",32 Rack B,Palm w/ Green Pistil,,0,2,3,Mortar green palm,,,,,,,
FIRING_DATA_ROW,2207.352,1,1.84,0,3.02,Palm w/ Green Pistil,"3""",32 rack A,Palm w/ Green Pistil,2,2,5,2,Mortar green palm,,,,,,,
FIRING_DATA_ROW,2207.868,1,1.84,0,3.02,Palm w/ Green Pistil,"3""",32 rack A,Palm w/ Green Pistil,2,2,5,13,Mortar green palm,,,,,,,
FIRING_DATA_ROW,2208.384,1,1.84,0,3.02,Palm w/ Green Pistil,"3""",32 rack A,Palm w/ Green Pistil,2,2,5,1,Mortar green palm,,,,,,,
FIRING_DATA_ROW,2208.9,1,1.84,0,3.02,Palm w/ Green Pistil,"3""",32 rack A,Palm w/ Green Pistil,2,2,4,7,Mortar green palm,,,,,,,
FIRING_DATA_ROW,2209.416,1,1.84,0,3.02,Palm w/ Green Pistil,"3""",32 rack A,Palm w/ Green Pistil,2,2,5,7,Mortar green palm,,,,,,,
FIRING_DATA_ROW,2209.932,1,1.84,0,3.02,Palm w/ Green Pistil,"3""",32 rack A,Palm w/ Green Pistil,2,2,5,4,Mortar green palm,,,,,,,
FIRING_DATA_ROW,2210.448,1,1.84,0,3.02,Palm w/ Green Pistil,"3""",32 rack A,Palm w/ Green Pistil,2,2,4,9,Mortar green palm,,,,,,,
FIRING_DATA_ROW,2210.964,1,1.84,0,3.02,Palm w/ Green Pistil,"3""",32 rack A,Palm w/ Green Pistil,2,2,5,6,Mortar green palm,,,,,,,
FIRING_DATA_ROW,2211.481,1,1.84,0,3.02,Palm w/ Green Pistil,"3""",32 rack A,Palm w/ Green Pistil,2,2,4,14,Mortar green palm,,,,,,,
FIRING_DATA_ROW,2211.997,1,1.84,0,3.02,Palm w/ Green Pistil,"3""",32 Rack B,Palm w/ Green Pistil,,0,3,9,Mortar green palm,,,,,,,
FIRING_DATA_ROW,2212.513,1,1.84,0,3.02,Palm w/ Green Pistil,"3""",32 Rack B,Palm w/ Green Pistil,,0,3,5,Mortar green palm,,,,,,,
FIRING_DATA_ROW,2213.029,1,1.84,0,3.02,Palm w/ Green Pistil,"3""",32 Rack B,Palm w/ Green Pistil,,0,2,14,Mortar green palm,,,,,,,
FIRING_DATA_ROW,2217.234,1,0.25,0,0,Cremora Fireball Medium,,Board 2,Cremora Fireball Medium,1,1,0,11,GFX1003,GFX1003,,,,15,,
FIRING_DATA_ROW,2217.234,1,0.25,0,0,Cremora Fireball Medium,,Board 5,Cremora Fireball Medium,1,1,3,12,GFX1003,GFX1003,,,,15,,
FIRING_DATA_ROW,2225.72,1,1.84,0,3.02,Palm w/ Green Pistil,"3""",50 Finale Rack,Palm w/ Green Pistil,4,4,3,11,Mortar green palm,,,,,,,
FIRING_DATA_ROW,2245.88,1,22.84,0,3.02,36 Shot White Peony Cake,"3""",Board 8,22.84s 36 Shot White Peony Cake (6 Rows),3,3,3,5,gm428 of gm433,,,,,,,
FIRING_DATA_ROW,2246.529,1,22.84,0,3.02,36 Shot Blue Peony Cake,"3""",Board 13,22.84s 36 Shot Blue Peony Cake (6 Rows),4,4,5,0,gm429 of 433,,,,,,,
FIRING_DATA_ROW,2247.529,1,22.84,0,3.02,36 Shot Crackling Red Peony Cake,"3""",Board 11,22.84s 36 Shot Red Peony Cake (6 Rows),4,4,3,10,gm427 of gm433,,,,,,,
FIRING_DATA_ROW,2248.529,1,22.84,0,3.02,36 Shot Crackling Gold Peony Cake,"3""",Board 13,22.84s 36 Shot Crackling Gold Peony Cake (6 Rows),4,4,5,4,gm477 from gm433,,,,,,,
FIRING_DATA_ROW,2272.125,1,18.41,0,3.02,20 Shot Crackling Palm Fan Cake,"3""",Board 12,18.41s 20 Shot Crackling Palm Fan Cake (5 Rows),4,4,4,7,thunderbird flyby,,,,,,,
FIRING_DATA_ROW,2293.204,1,18.41,0,3.02,20 Shot Crackling Palm Fan Cake,"3""",Board 11,18.41s 20 Shot Crackling Palm Fan Cake (5 Rows),4,4,3,5,thunderbird flyby,,,,,,,
FIRING_DATA_ROW,2315.683,1,10.69,0,0,25 Shot Silver Spinners Cake Z Shape,"5""",Board 8,10.69s 25 Shot Silver Spinners Cake Z Shape (5 Rows),3,3,3,11,10015 25 shot silver swirl 525,,,,,,,
FIRING_DATA_ROW,2321.386,1,10.69,0,0,25 Shot Silver Spinners Cake Z Shape,"5""",Board 13,10.69s 25 Shot Silver Spinners Cake Z Shape (5 Rows),4,4,5,6,10015 25 shot silver swirl 525,,,,,,,
FIRING_DATA_ROW,2329.082,1,10.69,0,0,25 Shot Silver Spinners Cake Z Shape,"5""",Board 10,10.69s 25 Shot Silver Spinners Cake Z Shape (5 Rows),3,3,5,8,10015 25 shot silver swirl 525,,,,,,,
FIRING_DATA_ROW,2329.082,1,10.69,0,0,25 Shot Silver Spinners Cake Z Shape,"5""",Board 11,10.69s 25 Shot Silver Spinners Cake Z Shape (5 Rows),4,4,3,0,10015 25 shot silver swirl 525,,,,,,,
FIRING_DATA_ROW,2343.705,1,31,0,0,704 Shot Varg Comet w/ Dragon Eggs Cake Z Shape,"3""",Board 9,31s 704 Shot Variegated Comet w/ Dragon Eggs Cake Z Shape (32 Rows),3,3,4,8,Megablaster,,,,,,,
FIRING_DATA_ROW,2379.924,1,6,0,1,36 Shot Blue Peony Cake,"3""",Board 8,6s 36 Shot Blue Peony Cake Z Shape (6 Rows),3,3,3,1,36 Shot Blue Peony (8 second),,,,,,,
FIRING_DATA_ROW,2379.924,1,6,0,1,36 Shot Blue Peony Cake,"3""",Board 13,6s 36 Shot Blue Peony Cake Z Shape (6 Rows),4,4,5,3,36 Shot Blue Peony (8 second),,,,,,,
FIRING_DATA_ROW,2381.996,1,22.84,0,3.02,36 Shot White Peony Cake,"3""",Board 8,22.84s 36 Shot White Peony Cake (6 Rows),3,3,3,10,gm428 of gm433,,,,,,,
FIRING_DATA_ROW,2388.836,1,6,0,1,36 Shot Blue Peony Cake,"3""",Board 9,6s 36 Shot Blue Peony Cake Z Shape (6 Rows),3,3,4,7,36 Shot Blue Peony (8 second),,,,,,,
FIRING_DATA_ROW,2397.476,1,6,0,1,36 Shot Blue Peony Cake,"3""",Board 11,6s 36 Shot Blue Peony Cake Z Shape (6 Rows),4,4,3,0,36 Shot Blue Peony (8 second),,,,,,,
FIRING_DATA_ROW,2404.093,1,8.2,0,1,36 Shot Crackling Gold Peony Cake Z Shape,"3""",Board 10,8.2s 36 Shot Crackling Gold Peony Cake Z Shape (6 Rows),3,3,5,6,434A 36shot z Quick Crackle,,,,,,,
FIRING_DATA_ROW,2412.938,1,14.02,0,0.4,12 Shot Silver Whirl Cake,"3""",Board 10,14.02s 12 Shot Silver Whirls Cake (1 Row),3,3,5,0,512 12s Silver Swirl Aerial,,,,,,,
FIRING_DATA_ROW,2414.438,1,14.02,0,0.4,12 Shot Silver Whirl Cake,"3""",Board 11,14.02s 12 Shot Silver Whirls Cake (1 Row),4,4,3,3,512 12s Silver Swirl Aerial,,,,,,,
FIRING_DATA_ROW,2415.938,1,14.02,0,0.4,12 Shot Silver Whirl Cake,"3""",Board 12,14.02s 12 Shot Silver Whirls Cake (1 Row),4,4,4,3,512 12s Silver Swirl Aerial,,,,,,,
FIRING_DATA_ROW,2417.438,1,14.02,0,0.4,12 Shot Silver Whirl Cake,"3""",Board 13,14.02s 12 Shot Silver Whirls Cake (1 Row),4,4,5,5,512 12s Silver Swirl Aerial,,,,,,,
FIRING_DATA_ROW,2418.938,1,14.02,0,0.4,12 Shot Silver Whirl Cake,"3""",Board 8,14.02s 12 Shot Silver Whirls Cake (1 Row),3,3,3,0,512 12s Silver Swirl Aerial,,,,,,,
FIRING_DATA_ROW,2420.438,1,14.02,0,0.4,12 Shot Silver Whirl Cake,"3""",Board 9,14.02s 12 Shot Silver Whirls Cake (1 Row),3,3,4,9,512 12s Silver Swirl Aerial,,,,,,,
FIRING_DATA_ROW,2440.991,1,18.32,0,3.02,30 Shot Gold Mine To Brocade Crown Cake Z Shape,"3""",Board 8,18.32s 30 Shot Gold Mine To Brocade Crown Z Shape Cake (6 Rows),3,3,3,2,GM585A,,,,,,,
FIRING_DATA_ROW,2440.991,1,18.32,0,3.02,30 Shot Gold Mine To Brocade Crown Cake Z Shape,"3""",Board 13,18.32s 30 Shot Gold Mine To Brocade Crown Z Shape Cake (6 Rows),4,4,5,1,GM585A,,,,,,,
FIRING_DATA_ROW,2463.071,1,1.84,0,3.02,Palm w/ Green Pistil,"3""",48 Finale Rack,Palm w/ Green Pistil,2,2,0,14,Mortar green palm,,,,,,,
FIRING_DATA_ROW,2464.367,1,1.84,0,3.02,Palm w/ Green Pistil,"3""",54 Finale Rack,Palm w/ Green Pistil,,0,1,13,Mortar green palm,,,,,,,
FIRING_DATA_ROW,2468.226,1,1.53,0,3.02,Green Peony,"3""",16 Rack 1,Green Peony,4,4,5,13,Mortar Green Peony,,,,,,,
