Event Time,Effect Time,Ignition Event Time,NAME,Position,Part Number,Description,Module,Socket,Cue
00:00.0,00:00.4,0,690 12s Double Timerain Crackle,Board 11,690 12s Double Timerain Crackle,10 Shot Popcorn Crackle Chrys Cake,2,3,1
00:00.0,00:00.0,0,222 13s FanSweep Twilight Glitter Comet w/ Multi Mine(01),Board 6,222 13s FanSweep Twilight Glitter Comet w/ Multi Mine(01),13 Shot Gold Comet w/ Varg Mine Cake Fan,1,2,11
00:01.0,00:04.0,1.024,GM436 27shot RWB Peony,Board 1,GM436 27shot RWB Peony,27 Shot Red White Blue Peony Cake W Shape,0,1,5
00:21.2,00:21.2,21.224,222 13s FanSweep Twilight Glitter Comet w/ Multi Mine(01),Board 6,222 13s FanSweep Twilight Glitter Comet w/ Multi Mine(01),13 Shot Gold Comet w/ Varg Mine Cake Fan,1,2,12
00:28.4,00:31.4,28.383,Mortar Gold Coconut,50 Rack A,Mortar Gold Coconut,Gold Coconut Shell,3,6,9
00:31.4,00:34.4,31.416,Mortar Gold Coconut,50 Rack A,Mortar Gold Coconut,Gold Coconut Shell,3,6,10
00:39.1,00:39.1,39.093,TM103,Board 3,TM103,225 Shot Varg Comet To Tourbillion Cake,0,3,8
00:39.1,00:39.1,39.093,TM103,Board 8,TM103,225 Shot Varg Comet To Tourbillion Cake,2,0,7
00:52.3,00:55.3,52.254,Mortar Gold Coconut,50 Rack A,Mortar Gold Coconut,Gold Coconut Shell,3,6,8
00:53.5,00:56.6,53.546,GM436 27shot RWB Peony,Board 10,GM436 27shot RWB Peony,27 Shot Red White Blue Peony Cake W Shape,2,2,1
01:19.8,01:22.8,79.755,MS498 12s Finale Box Quick Crackle,Board 3,MS498 12s Finale Box Quick Crackle,12 Shot Crackling Gold Peony Cake,0,3,0
01:19.8,01:22.8,79.755,MS498 12s Finale Box Quick Crackle,Board 9,MS498 12s Finale Box Quick Crackle,12 Shot Crackling Gold Peony Cake,2,1,2
01:25.7,01:25.7,85.689,TM102,Board 9,TM102,100 Shot Red To Blue To White Comet Cake Z Shape,2,1,5
01:53.3,01:56.3,113.309,Mortar Gold Coconut,50 Rack A,Mortar Gold Coconut,Gold Coconut Shell,3,6,11
01:53.4,01:53.4,113.351,222 13s FanSweep Twilight Glitter Comet w/ Multi Mine(01),Board 5,222 13s FanSweep Twilight Glitter Comet w/ Multi Mine(01),13 Shot Gold Comet w/ Varg Mine Cake Fan,1,1,8
01:56.0,01:59.0,115.966,Mortar Gold Coconut,50 Rack A,Mortar Gold Coconut,Gold Coconut Shell,3,6,15
01:58.6,02:01.6,118.623,Mortar Gold Coconut,50 Rack A,Mortar Gold Coconut,Gold Coconut Shell,3,6,12
02:01.3,02:04.3,121.28,Mortar Gold Coconut,50 Rack A,Mortar Gold Coconut,Gold Coconut Shell,3,7,0
02:03.9,02:07.0,123.938,Mortar Gold Coconut,50 Rack A,Mortar Gold Coconut,Gold Coconut Shell,3,6,13
02:06.6,02:09.6,126.595,Mortar Gold Coconut,50 Rack A,Mortar Gold Coconut,Gold Coconut Shell,3,7,1
02:09.3,02:12.3,129.252,Mortar Gold Coconut,50 Rack A,Mortar Gold Coconut,Gold Coconut Shell,3,6,14
02:11.9,02:14.9,131.909,GM428,Board 6,GM428,36 Shot White Peony Cake,1,2,5
02:16.3,02:16.3,136.328,222 13s FanSweep Twilight Glitter Comet w/ Multi Mine(01),Board 4,222 13s FanSweep Twilight Glitter Comet w/ Multi Mine(01),13 Shot Gold Comet w/ Varg Mine Cake Fan,1,0,8
02:24.2,02:27.3,144.243,GM585A,Board 4,GM585A,30 Shot Gold Mine To Brocade Crown Cake Z Shape,1,0,6
02:33.1,02:35.9,153.114,GM484,Board 10,GM484,12 Shot Red & White & Blue Peony Cake,2,2,3
02:43.9,02:47.0,163.945,Mortar Gold Coconut,50 Rack C,Mortar Gold Coconut,Gold Coconut Shell,4,2,9
02:46.6,02:49.6,166.612,Mortar Gold Coconut,50 Rack C,Mortar Gold Coconut,Gold Coconut Shell,4,2,12
02:49.3,02:52.3,169.278,Mortar Gold Coconut,50 Rack C,Mortar Gold Coconut,Gold Coconut Shell,4,2,10
02:51.9,02:55.0,171.945,Mortar Gold Coconut,50 Rack C,Mortar Gold Coconut,Gold Coconut Shell,4,2,8
02:54.6,02:57.6,174.612,Mortar Gold Coconut,50 Rack C,Mortar Gold Coconut,Gold Coconut Shell,4,2,11
02:57.3,03:00.3,177.278,Mortar Gold Coconut,50 Rack C,Mortar Gold Coconut,Gold Coconut Shell,4,2,7
02:59.9,03:03.0,179.945,Mortar Gold Coconut,50 Rack C,Mortar Gold Coconut,Gold Coconut Shell,4,2,6
03:33.9,03:37.4,213.885,Sailor's Nightmare,Board 11,Sailor's Nightmare,9 Shot Green Blue Red Yellow Peony w/ Falling Leaves Center Cake,2,3,9
04:04.0,04:07.0,243.98,GM429,Board 0,GM429,36 Shot Blue Peony Cake,0,0,3
04:23.3,04:26.3,263.315,Mortar Gold Coconut,50 Rack B,Mortar Gold Coconut,Gold Coconut Shell,3,2,6
04:24.0,04:27.0,264.012,Mortar Gold Coconut,32 Rack A,Mortar Gold Coconut,Gold Coconut Shell,3,1,1
04:25.1,04:28.1,265.12,Mortar Gold Coconut,32 Rack A,Mortar Gold Coconut,Gold Coconut Shell,3,1,2
04:28.6,04:28.6,268.624,TM502,Board 7,TM502,49 Shot Silver Comet To Time Rain Crackling Cake Fan,1,3,5
04:30.5,04:30.5,270.53,203 Green Crossette sweep,Board 7,203 Green Crossette sweep,,1,3,8
04:50.7,04:53.7,290.698,Mortar Gold Coconut,50 Rack C,Mortar Gold Coconut,Gold Coconut Shell,4,2,1
04:54.2,04:57.0,294.172,TM113,Board 7,TM113,81 Shot Coconut w/ Varg Pistil Cake Z Shape,1,3,2
05:18.5,05:21.5,318.517,Mortar Gold Coconut,50 Rack C,Mortar Gold Coconut,Gold Coconut Shell,4,2,2
05:20.5,05:23.5,320.517,Mortar Gold Coconut,50 Rack C,Mortar Gold Coconut,Gold Coconut Shell,4,2,3
05:22.5,05:25.5,322.517,Mortar Gold Coconut,50 Rack C,Mortar Gold Coconut,Gold Coconut Shell,4,2,4
05:24.5,05:27.5,324.517,Mortar Gold Coconut,50 Rack C,Mortar Gold Coconut,Gold Coconut Shell,4,2,5
05:29.4,05:29.4,329.426,TM102,Board 2,TM102,100 Shot Red To Blue To White Comet Cake Z Shape,0,2,1
05:32.9,05:32.9,332.866,165 11s SuperSweep Golden Rain Comet w/ Blue Mine,Board 8,165 11s SuperSweep Golden Rain Comet w/ Blue Mine,13 Shot Gold Comet w/ Blue Mine Cake Fan,2,0,10
05:47.7,05:50.8,347.748,Mortar Gold Coconut,50 Rack B,Mortar Gold Coconut,Gold Coconut Shell,3,2,7
05:49.7,05:52.8,349.748,Mortar Gold Coconut,50 Rack B,Mortar Gold Coconut,Gold Coconut Shell,3,2,8
05:51.7,05:54.8,351.748,Mortar Gold Coconut,50 Rack B,Mortar Gold Coconut,Gold Coconut Shell,3,2,9
05:55.9,05:58.7,355.888,TM118,Board 7,TM118,49 Shot Crackling Strobing Peony Cake,1,3,0
06:25.1,06:28.1,385.08,GM585A,Board 11,GM585A,30 Shot Gold Mine To Brocade Crown Cake Z Shape,2,3,0
06:47.2,06:50.2,407.213,Mortar Gold Coconut,50 Rack B,Mortar Gold Coconut,Gold Coconut Shell,3,2,13
06:48.3,06:51.3,408.284,Mortar Gold Coconut,50 Rack B,Mortar Gold Coconut,Gold Coconut Shell,3,2,10
06:50.3,06:53.3,410.284,Mortar Gold Coconut,50 Rack B,Mortar Gold Coconut,Gold Coconut Shell,3,2,11
06:52.3,06:55.3,412.284,Mortar Gold Coconut,50 Rack B,Mortar Gold Coconut,Gold Coconut Shell,3,2,12
06:57.3,06:57.3,417.341,Twilight Glitter Comet w/ Blue Tip,Comets A,Twilight Glitter Comet w/ Blue Tip,Silver Comet w/ Blue,0,4,0
06:58.3,06:58.3,418.341,Twilight Glitter Comet w/ Blue Tip,Comets A,Twilight Glitter Comet w/ Blue Tip,Silver Comet w/ Blue,0,4,1
06:59.3,06:59.3,419.341,Twilight Glitter Comet w/ Blue Tip,Comets A,Twilight Glitter Comet w/ Blue Tip,Silver Comet w/ Blue,0,4,2
07:00.3,07:00.3,420.341,Twilight Glitter Comet w/ Blue Tip,Comets A,Twilight Glitter Comet w/ Blue Tip,Silver Comet w/ Blue,0,4,3
07:01.3,07:01.3,421.341,Twilight Glitter Comet w/ Blue Tip,Comets A,Twilight Glitter Comet w/ Blue Tip,Silver Comet w/ Blue,0,4,4
07:02.3,07:02.3,422.341,Twilight Glitter Comet w/ Blue Tip,Comets A,Twilight Glitter Comet w/ Blue Tip,Silver Comet w/ Blue,0,4,5
07:03.3,07:03.3,423.341,Twilight Glitter Comet w/ Blue Tip,Comets A,Twilight Glitter Comet w/ Blue Tip,Silver Comet w/ Blue,0,4,6
07:04.3,07:04.3,424.341,Twilight Glitter Comet w/ Blue Tip,Comets B,Twilight Glitter Comet w/ Blue Tip,Silver Comet w/ Blue,0,6,14
07:05.3,07:05.3,425.341,Twilight Glitter Comet w/ Blue Tip,Comets B,Twilight Glitter Comet w/ Blue Tip,Silver Comet w/ Blue,0,6,15
07:06.3,07:06.3,426.341,Twilight Glitter Comet w/ Blue Tip,Comets B,Twilight Glitter Comet w/ Blue Tip,Silver Comet w/ Blue,0,7,0
07:07.3,07:07.3,427.341,Twilight Glitter Comet w/ Blue Tip,Comets B,Twilight Glitter Comet w/ Blue Tip,Silver Comet w/ Blue,0,7,1
07:08.3,07:08.3,428.341,Twilight Glitter Comet w/ Blue Tip,Comets B,Twilight Glitter Comet w/ Blue Tip,Silver Comet w/ Blue,0,7,2
07:09.3,07:09.3,429.341,Twilight Glitter Comet w/ Blue Tip,Comets B,Twilight Glitter Comet w/ Blue Tip,Silver Comet w/ Blue,0,7,3
07:10.3,07:10.3,430.341,Twilight Glitter Comet w/ Blue Tip,Comets B,Twilight Glitter Comet w/ Blue Tip,Silver Comet w/ Blue,0,7,4
07:11.3,07:11.3,431.341,Twilight Glitter Comet w/ Blue Tip,Comets C,Twilight Glitter Comet w/ Blue Tip,Silver Comet w/ Blue,2,6,0
07:12.3,07:12.3,432.341,Twilight Glitter Comet w/ Blue Tip,Comets C,Twilight Glitter Comet w/ Blue Tip,Silver Comet w/ Blue,2,6,1
07:13.3,07:13.3,433.341,Twilight Glitter Comet w/ Blue Tip,Comets C,Twilight Glitter Comet w/ Blue Tip,Silver Comet w/ Blue,2,6,2
07:14.3,07:14.3,434.341,Twilight Glitter Comet w/ Blue Tip,Comets C,Twilight Glitter Comet w/ Blue Tip,Silver Comet w/ Blue,2,6,3
07:15.3,07:15.3,435.341,Twilight Glitter Comet w/ Blue Tip,Comets C,Twilight Glitter Comet w/ Blue Tip,Silver Comet w/ Blue,2,6,4
07:16.3,07:16.3,436.341,Twilight Glitter Comet w/ Blue Tip,Comets C,Twilight Glitter Comet w/ Blue Tip,Silver Comet w/ Blue,2,6,5
07:17.3,07:17.3,437.341,Twilight Glitter Comet w/ Blue Tip,Comets C,Twilight Glitter Comet w/ Blue Tip,Silver Comet w/ Blue,2,6,6
07:18.7,07:21.7,438.709,MS498 12s Finale Box Quick Crackle,Board 7,MS498 12s Finale Box Quick Crackle,12 Shot Crackling Gold Peony Cake,1,3,1
07:21.7,07:24.7,441.721,MS498 12s Finale Box Quick Crackle,Board 8,MS498 12s Finale Box Quick Crackle,12 Shot Crackling Gold Peony Cake,2,0,2
07:24.2,07:27.2,444.159,MS498 12s Finale Box Quick Crackle,Board 6,MS498 12s Finale Box Quick Crackle,12 Shot Crackling Gold Peony Cake,1,2,3
07:49.7,07:49.7,469.692,MS500E,Board 10,MS500E,25 Shot Silver Tourbillion Cake,2,2,7
07:49.7,07:49.7,469.692,MS500E,Board 8,MS500E,25 Shot Silver Tourbillion Cake,2,0,4
07:49.7,07:49.7,469.692,MS500E,Board 6,MS500E,25 Shot Silver Tourbillion Cake,1,2,4
07:49.7,07:49.7,469.692,MS500E,Board 4,MS500E,25 Shot Silver Tourbillion Cake,1,0,7
07:49.7,07:49.7,469.692,MS500E,Board 2,MS500E,25 Shot Silver Tourbillion Cake,0,2,0
07:49.7,07:49.7,469.692,MS500E,Board 0,MS500E,25 Shot Silver Tourbillion Cake,0,0,4
07:49.7,07:49.7,469.692,MS500E,Board 7,MS500E,25 Shot Silver Tourbillion Cake,1,3,7
07:59.6,08:02.6,479.601,Mortar Gold Coconut,32 Rack B,Mortar Gold Coconut,Gold Coconut Shell,4,4,15
08:01.7,08:04.7,481.674,Mortar Gold Coconut,32 Rack A,Mortar Gold Coconut,Gold Coconut Shell,3,1,6
08:03.9,08:07.0,483.948,Mortar Gold Coconut,32 Rack A,Mortar Gold Coconut,Gold Coconut Shell,3,1,7
08:06.5,08:09.5,486.49,Mortar Gold Coconut,32 Rack A,Mortar Gold Coconut,Gold Coconut Shell,3,1,8
08:09.6,08:12.7,489.634,Mortar Gold Coconut,32 Rack A,Mortar Gold Coconut,Gold Coconut Shell,3,1,9
08:11.6,08:14.7,491.641,Mortar Gold Coconut,32 Rack A,Mortar Gold Coconut,Gold Coconut Shell,3,1,10
08:14.7,08:17.7,494.66,Mortar Gold Coconut,32 Rack A,Mortar Gold Coconut,Gold Coconut Shell,3,1,3
08:16.7,08:19.8,496.733,Mortar Gold Coconut,32 Rack A,Mortar Gold Coconut,Gold Coconut Shell,3,1,4
08:18.7,08:21.8,498.74,Mortar Gold Coconut,32 Rack A,Mortar Gold Coconut,Gold Coconut Shell,3,1,5
08:20.8,08:23.6,500.759,SE356,Board 1,SE356,7 Shot Crackling Mine To Crackling Bombard Cake Fan,0,1,11
08:24.2,08:24.2,504.177,MS500E,Board 11,MS500E,25 Shot Silver Tourbillion Cake,2,3,10
08:24.2,08:24.2,504.177,MS500E,Board 9,MS500E,25 Shot Silver Tourbillion Cake,2,1,4
08:24.2,08:24.2,504.177,MS500E,Board 8,MS500E,25 Shot Silver Tourbillion Cake,2,0,8
08:24.2,08:24.2,504.177,MS500E,Board 6,MS500E,25 Shot Silver Tourbillion Cake,1,2,1
08:24.2,08:24.2,504.177,MS500E,Board 5,MS500E,25 Shot Silver Tourbillion Cake,1,1,2
08:24.2,08:24.2,504.177,MS500E,Board 3,MS500E,25 Shot Silver Tourbillion Cake,0,3,9
08:24.2,08:24.2,504.177,MS500E,Board 1,MS500E,25 Shot Silver Tourbillion Cake,0,1,4
08:24.2,08:24.2,504.177,MS500E,Board 2,MS500E,25 Shot Silver Tourbillion Cake,0,2,6
08:30.2,08:33.2,510.169,Mortar Gold Coconut,32 Rack A,Mortar Gold Coconut,Gold Coconut Shell,3,1,14
08:33.0,08:36.0,512.978,Mortar Gold Coconut,32 Rack A,Mortar Gold Coconut,Gold Coconut Shell,3,1,11
08:36.2,08:39.2,516.189,Mortar Gold Coconut,32 Rack A,Mortar Gold Coconut,Gold Coconut Shell,3,1,12
08:42.3,08:45.1,522.251,TM113,Board 2,TM113,81 Shot Coconut w/ Varg Pistil Cake Z Shape,0,2,2
08:43.9,08:46.9,523.881,Mortar Gold Coconut,32 Rack A,Mortar Gold Coconut,Gold Coconut Shell,3,1,15
09:07.4,09:10.4,547.398,690 12s Double Timerain Crackle,Board 0,690 12s Double Timerain Crackle,10 Shot Popcorn Crackle Chrys Cake,0,0,7
09:30.5,09:30.5,570.466,222 13s FanSweep Twilight Glitter Comet w/ Multi Mine(01),Board 6,222 13s FanSweep Twilight Glitter Comet w/ Multi Mine(01),13 Shot Gold Comet w/ Varg Mine Cake Fan,1,2,9
09:48.5,09:51.3,588.481,SE356,Board 10,SE356,7 Shot Crackling Mine To Crackling Bombard Cake Fan,2,2,9
09:51.4,09:54.4,591.406,Mortar Gold Coconut,50 Rack C,Mortar Gold Coconut,Gold Coconut Shell,4,0,2
09:54.1,09:57.1,594.092,Mortar Gold Coconut,50 Rack A,Mortar Gold Coconut,Gold Coconut Shell,3,5,0
09:56.0,09:59.0,595.984,Mortar Gold Coconut,50 Rack C,Mortar Gold Coconut,Gold Coconut Shell,4,0,0
09:58.6,10:01.6,598.589,Mortar Gold Coconut,50 Rack C,Mortar Gold Coconut,Gold Coconut Shell,4,0,1
10:02.3,10:05.1,602.268,TM113,Board 5,TM113,81 Shot Coconut w/ Varg Pistil Cake Z Shape,1,1,5
10:27.1,10:30.1,627.102,Mortar Gold Coconut,50 Rack C,Mortar Gold Coconut,Gold Coconut Shell,4,0,3
10:29.8,10:32.8,629.788,Mortar Gold Coconut,50 Rack A,Mortar Gold Coconut,Gold Coconut Shell,3,5,1
10:31.7,10:34.7,631.68,Mortar Gold Coconut,50 Rack C,Mortar Gold Coconut,Gold Coconut Shell,4,0,4
10:34.3,10:37.3,634.285,Mortar Gold Coconut,50 Rack C,Mortar Gold Coconut,Gold Coconut Shell,4,0,5
10:50.4,10:50.4,650.446,222 13s FanSweep Twilight Glitter Comet w/ Multi Mine(01),Board 5,222 13s FanSweep Twilight Glitter Comet w/ Multi Mine(01),13 Shot Gold Comet w/ Varg Mine Cake Fan,1,1,9
10:52.6,10:52.6,652.582,MS500 Red Tail,Board 1,MS500 Red Tail,25 Shot Silver Tourbillions Cake,0,1,3
10:54.6,10:54.6,654.582,MS500 Red Tail,Board 11,MS500 Red Tail,25 Shot Silver Tourbillions Cake,2,3,6
10:56.6,10:56.6,656.582,MS500 Red Tail,Board 3,MS500 Red Tail,25 Shot Silver Tourbillions Cake,0,3,3
10:58.6,10:58.6,658.582,MS500E,Board 4,MS500E,25 Shot Silver Tourbillion Cake,1,0,4
11:00.6,11:00.6,660.582,MS500 Red Tail,Board 5,MS500 Red Tail,25 Shot Silver Tourbillions Cake,1,1,3
11:02.6,11:02.6,662.582,MS500 Red Tail,Board 7,MS500 Red Tail,25 Shot Silver Tourbillions Cake,1,3,6
11:04.6,11:04.6,664.582,MS500 Red Tail,Board 9,MS500 Red Tail,25 Shot Silver Tourbillions Cake,2,1,1
11:13.7,11:16.7,673.688,Mortar Gold Coconut,50 Rack A,Mortar Gold Coconut,Gold Coconut Shell,3,5,2
11:15.8,11:18.8,675.793,Mortar Gold Coconut,50 Rack C,Mortar Gold Coconut,Gold Coconut Shell,4,0,6
11:23.5,11:23.5,683.505,222 13s FanSweep Twilight Glitter Comet w/ Multi Mine(01),Board 10,222 13s FanSweep Twilight Glitter Comet w/ Multi Mine(01),13 Shot Gold Comet w/ Varg Mine Cake Fan,2,2,8
11:23.5,11:23.5,683.505,222 13s FanSweep Twilight Glitter Comet w/ Multi Mine(01),Board 2,222 13s FanSweep Twilight Glitter Comet w/ Multi Mine(01),13 Shot Gold Comet w/ Varg Mine Cake Fan,0,2,8
11:24.0,11:27.0,683.985,Mortar Gold Coconut,50 Rack B,Mortar Gold Coconut,Gold Coconut Shell,3,2,0
11:26.2,11:29.2,686.161,Mortar Gold Coconut,50 Rack A,Mortar Gold Coconut,Gold Coconut Shell,3,5,3
11:28.3,11:31.4,688.338,Mortar Gold Coconut,50 Rack C,Mortar Gold Coconut,Gold Coconut Shell,4,0,7
11:30.5,11:33.5,690.514,Mortar Gold Coconut,50 Rack B,Mortar Gold Coconut,Gold Coconut Shell,3,2,1
11:32.7,11:35.7,692.691,Mortar Gold Coconut,50 Rack B,Mortar Gold Coconut,Gold Coconut Shell,3,2,2
11:34.9,11:37.9,694.867,Mortar Gold Coconut,50 Rack B,Mortar Gold Coconut,Gold Coconut Shell,3,2,3
11:37.0,11:40.1,697.044,Mortar Gold Coconut,50 Rack B,Mortar Gold Coconut,Gold Coconut Shell,3,2,4
11:39.2,11:42.2,699.22,Mortar Gold Coconut,50 Rack A,Mortar Gold Coconut,Gold Coconut Shell,3,5,4
11:41.4,11:44.4,701.397,Mortar Gold Coconut,50 Rack A,Mortar Gold Coconut,Gold Coconut Shell,3,5,5
11:43.6,11:46.6,703.573,Mortar Gold Coconut,50 Rack A,Mortar Gold Coconut,Gold Coconut Shell,3,5,6
11:45.8,11:48.8,705.75,Mortar Gold Coconut,50 Rack A,Mortar Gold Coconut,Gold Coconut Shell,3,5,7
11:47.9,11:50.9,707.926,Mortar Gold Coconut,50 Rack C,Mortar Gold Coconut,Gold Coconut Shell,4,0,8
11:50.1,11:53.1,710.103,Mortar Gold Coconut,50 Rack C,Mortar Gold Coconut,Gold Coconut Shell,4,0,9
11:52.3,11:55.3,712.279,Mortar Gold Coconut,50 Rack C,Mortar Gold Coconut,Gold Coconut Shell,4,0,10
11:54.5,11:57.5,714.456,Mortar Gold Coconut,50 Rack C,Mortar Gold Coconut,Gold Coconut Shell,4,0,11
11:56.6,11:59.7,716.632,Mortar Gold Coconut,50 Rack B,Mortar Gold Coconut,Gold Coconut Shell,3,2,5
11:58.8,12:01.8,718.809,Mortar Gold Coconut,50 Rack A,Mortar Gold Coconut,Gold Coconut Shell,3,5,8
12:01.0,12:04.0,720.985,Mortar Gold Coconut,50 Rack C,Mortar Gold Coconut,Gold Coconut Shell,4,0,12
12:25.3,12:28.1,745.252,TM120,Board 6,TM120,81 Shot z Comet To Brocade Crown w/ Falling Leaves Cake,1,2,0
12:44.7,12:47.7,764.695,GM436 27shot RWB Peony,Board 11,GM436 27shot RWB Peony,27 Shot Red White Blue Peony Cake W Shape,2,3,8
13:09.8,13:12.9,789.837,Mortar Gold Coconut,50 Rack C,Mortar Gold Coconut,Gold Coconut Shell,4,2,13
13:12.8,13:15.9,792.837,Mortar Gold Coconut,50 Rack C,Mortar Gold Coconut,Gold Coconut Shell,4,2,14
13:15.8,13:18.9,795.837,Mortar Gold Coconut,50 Rack C,Mortar Gold Coconut,Gold Coconut Shell,4,2,15
13:22.5,13:22.5,802.471,Gold Wave Comet,Comets A,Gold Wave Comet,Gold Comet,0,4,7
13:23.0,13:23.0,803.009,Gold Wave Comet,Comets A,Gold Wave Comet,Gold Comet,0,4,8
13:23.5,13:23.5,803.548,Gold Wave Comet,Comets A,Gold Wave Comet,Gold Comet,0,4,9
13:24.1,13:24.1,804.086,Gold Wave Comet,Comets A,Gold Wave Comet,Gold Comet,0,4,10
13:24.6,13:24.6,804.625,Gold Wave Comet,Comets A,Gold Wave Comet,Gold Comet,0,4,11
13:25.2,13:25.2,805.163,Gold Wave Comet,Comets A,Gold Wave Comet,Gold Comet,0,4,12
13:25.7,13:25.7,805.702,Gold Wave Comet,Comets A,Gold Wave Comet,Gold Comet,0,4,13
13:26.2,13:26.2,806.24,Gold Wave Comet,Comets C,Gold Wave Comet,Gold Comet,2,6,13
13:26.8,13:26.8,806.779,Gold Wave Comet,Comets C,Gold Wave Comet,Gold Comet,2,6,12
13:27.3,13:27.3,807.317,Gold Wave Comet,Comets C,Gold Wave Comet,Gold Comet,2,6,11
13:27.9,13:27.9,807.856,Gold Wave Comet,Comets C,Gold Wave Comet,Gold Comet,2,6,10
13:28.4,13:28.4,808.394,Gold Wave Comet,Comets C,Gold Wave Comet,Gold Comet,2,6,9
13:28.9,13:28.9,808.933,Gold Wave Comet,Comets C,Gold Wave Comet,Gold Comet,2,6,8
13:29.5,13:29.5,809.471,Gold Wave Comet,Comets C,Gold Wave Comet,Gold Comet,2,6,7
13:33.4,13:36.2,813.373,TM490,Board 6,TM490,49 Shot Strobing Red & White & Blue Waterfall Cake Fan,1,2,8
13:50.3,13:53.1,830.332,TM150,Board 6,TM150,42 Shot White Waterfall Z Shape Cake Cake,1,2,6
14:11.7,14:14.7,851.705,Mortar Gold Coconut,32 Rack B,Mortar Gold Coconut,Gold Coconut Shell,4,3,13
14:15.1,14:18.1,855.105,Mortar Gold Coconut,32 Rack B,Mortar Gold Coconut,Gold Coconut Shell,4,3,14
14:18.5,14:21.5,858.505,Mortar Gold Coconut,32 Rack B,Mortar Gold Coconut,Gold Coconut Shell,4,3,15
14:21.9,14:24.9,861.905,Mortar Gold Coconut,32 Rack B,Mortar Gold Coconut,Gold Coconut Shell,4,4,0
14:25.3,14:28.3,865.305,Mortar Gold Coconut,32 Rack B,Mortar Gold Coconut,Gold Coconut Shell,4,4,1
14:28.7,14:31.7,868.705,Mortar Gold Coconut,32 Rack B,Mortar Gold Coconut,Gold Coconut Shell,4,4,2
14:31.5,14:35.0,871.498,Sailor's Nightmare,Board 1,Sailor's Nightmare,9 Shot Green Blue Red Yellow Peony w/ Falling Leaves Center Cake,0,1,8
15:01.9,15:01.9,901.893,Gold Wave Comet,Comets B,Gold Wave Comet,Gold Comet,0,6,0
15:02.4,15:02.4,902.443,Gold Wave Comet,Comets B,Gold Wave Comet,Gold Comet,0,6,1
15:03.0,15:03.0,902.993,Gold Wave Comet,Comets B,Gold Wave Comet,Gold Comet,0,6,2
15:03.5,15:03.5,903.543,Gold Wave Comet,Comets B,Gold Wave Comet,Gold Comet,0,6,3
15:04.1,15:04.1,904.093,Gold Wave Comet,Comets B,Gold Wave Comet,Gold Comet,0,6,4
15:04.6,15:04.6,904.643,Gold Wave Comet,Comets B,Gold Wave Comet,Gold Comet,0,6,5
15:05.2,15:05.2,905.193,Gold Wave Comet,Comets B,Gold Wave Comet,Gold Comet,0,6,6
15:06.3,15:06.3,906.333,Gold Wave Comet,Comets B,Gold Wave Comet,Gold Comet,0,6,7
15:06.9,15:06.9,906.883,Gold Wave Comet,Comets B,Gold Wave Comet,Gold Comet,0,6,8
15:07.4,15:07.4,907.433,Gold Wave Comet,Comets B,Gold Wave Comet,Gold Comet,0,6,9
15:08.0,15:08.0,907.983,Gold Wave Comet,Comets B,Gold Wave Comet,Gold Comet,0,6,10
15:08.5,15:08.5,908.533,Gold Wave Comet,Comets B,Gold Wave Comet,Gold Comet,0,6,11
15:09.1,15:09.1,909.083,Gold Wave Comet,Comets B,Gold Wave Comet,Gold Comet,0,6,12
15:09.6,15:09.6,909.633,Gold Wave Comet,Comets B,Gold Wave Comet,Gold Comet,0,6,13
15:12.5,15:15.3,912.512,TM490,Board 5,TM490,49 Shot Strobing Red & White & Blue Waterfall Cake Fan,1,1,1
16:15.1,16:17.9,975.093,TM150,Board 5,TM150,42 Shot White Waterfall Z Shape Cake Cake,1,1,0
16:35.3,16:38.4,995.336,Mortar Gold Coconut,32 Rack A,Mortar Gold Coconut,Gold Coconut Shell,3,0,0
16:38.6,16:41.6,998.586,Mortar Gold Coconut,32 Rack B,Mortar Gold Coconut,Gold Coconut Shell,4,3,0
16:41.8,16:44.9,1001.836,Mortar Gold Coconut,32 Rack B,Mortar Gold Coconut,Gold Coconut Shell,4,3,1
16:45.1,16:48.1,1005.086,Mortar Gold Coconut,32 Rack A,Mortar Gold Coconut,Gold Coconut Shell,3,0,1
16:48.3,16:51.4,1008.336,Mortar Gold Coconut,32 Rack B,Mortar Gold Coconut,Gold Coconut Shell,4,3,2
16:51.6,16:54.6,1011.586,Mortar Gold Coconut,32 Rack B,Mortar Gold Coconut,Gold Coconut Shell,4,3,3
16:54.8,16:57.9,1014.836,Mortar Gold Coconut,32 Rack A,Mortar Gold Coconut,Gold Coconut Shell,3,0,2
16:58.1,17:01.1,1018.086,Mortar Gold Coconut,32 Rack A,Mortar Gold Coconut,Gold Coconut Shell,3,0,3
17:01.3,17:04.4,1021.336,Mortar Gold Coconut,32 Rack A,Mortar Gold Coconut,Gold Coconut Shell,3,0,4
17:05.5,17:05.5,1025.455,629 130 shot Z Gold Glitter Comets,Board 3,629 130 shot Z Gold Glitter Comets,130 Shot Z Shape Gold Glittering Comet w/ Tail Cake,0,3,7
17:34.1,17:37.1,1054.087,Mortar Gold Coconut,32 Rack A,Mortar Gold Coconut,Gold Coconut Shell,3,0,5
17:37.3,17:40.4,1057.337,Mortar Gold Coconut,32 Rack B,Mortar Gold Coconut,Gold Coconut Shell,4,3,4
17:40.6,17:43.6,1060.587,Mortar Gold Coconut,32 Rack B,Mortar Gold Coconut,Gold Coconut Shell,4,3,5
17:43.8,17:46.9,1063.837,Mortar Gold Coconut,32 Rack A,Mortar Gold Coconut,Gold Coconut Shell,3,0,6
17:48.3,17:51.1,1068.27,TM150,Board 8,TM150,42 Shot White Waterfall Z Shape Cake Cake,2,0,5
18:08.7,18:11.8,1088.737,Mortar Gold Coconut,32 Rack A,Mortar Gold Coconut,Gold Coconut Shell,3,0,7
18:12.0,18:15.0,1091.987,Mortar Gold Coconut,32 Rack A,Mortar Gold Coconut,Gold Coconut Shell,3,0,8
18:15.2,18:18.3,1095.237,Mortar Gold Coconut,32 Rack B,Mortar Gold Coconut,Gold Coconut Shell,4,3,6
18:18.5,18:21.5,1098.487,Mortar Gold Coconut,32 Rack A,Mortar Gold Coconut,Gold Coconut Shell,3,0,9
18:21.7,18:24.8,1101.737,Mortar Gold Coconut,32 Rack A,Mortar Gold Coconut,Gold Coconut Shell,3,0,10
18:25.0,18:28.0,1104.987,Mortar Gold Coconut,32 Rack B,Mortar Gold Coconut,Gold Coconut Shell,4,3,7
18:28.2,18:31.3,1108.237,Mortar Gold Coconut,32 Rack A,Mortar Gold Coconut,Gold Coconut Shell,3,0,11
18:31.5,18:34.5,1111.487,Mortar Gold Coconut,32 Rack B,Mortar Gold Coconut,Gold Coconut Shell,4,3,8
18:34.7,18:37.8,1114.737,Mortar Gold Coconut,32 Rack A,Mortar Gold Coconut,Gold Coconut Shell,3,0,12
18:38.0,18:41.0,1117.987,Mortar Gold Coconut,32 Rack A,Mortar Gold Coconut,Gold Coconut Shell,3,0,13
18:41.2,18:44.3,1121.237,Mortar Gold Coconut,32 Rack A,Mortar Gold Coconut,Gold Coconut Shell,3,0,14
18:44.5,18:47.5,1124.487,Mortar Gold Coconut,32 Rack B,Mortar Gold Coconut,Gold Coconut Shell,4,3,9
18:47.7,18:50.8,1127.737,Mortar Gold Coconut,32 Rack B,Mortar Gold Coconut,Gold Coconut Shell,4,3,10
18:51.0,18:54.0,1130.987,Mortar Gold Coconut,32 Rack B,Mortar Gold Coconut,Gold Coconut Shell,4,3,11
18:54.2,18:57.3,1134.237,Mortar Gold Coconut,32 Rack A,Mortar Gold Coconut,Gold Coconut Shell,3,0,15
18:57.5,19:00.5,1137.487,Mortar Gold Coconut,32 Rack B,Mortar Gold Coconut,Gold Coconut Shell,4,3,12
19:00.7,19:03.8,1140.737,Mortar Gold Coconut,32 Rack A,Mortar Gold Coconut,Gold Coconut Shell,3,1,0
20:03.2,20:05.6,1203.179,421 20s Waterfall/Horsetail,Board 1,421 20s Waterfall/Horsetail,20 Shot Gold Horsetail Cake Fan,0,1,0
20:31.2,20:34.0,1231.188,TM150,Board 3,TM150,42 Shot White Waterfall Z Shape Cake Cake,0,3,6
20:51.6,20:54.6,1251.6,690 12s Double Timerain Crackle,Board 2,690 12s Double Timerain Crackle,10 Shot Popcorn Crackle Chrys Cake,0,2,4
21:32.3,21:34.7,1292.298,421 20s Waterfall/Horsetail,Board 2,421 20s Waterfall/Horsetail,20 Shot Gold Horsetail Cake Fan,0,2,3
22:03.4,22:03.4,1323.444,TM492,Board 9,TM492,49 Shot Falling Red & White & Blue Comet z Cake,2,1,8
22:45.1,22:45.1,1365.119,Out with a Bang,Board 10,Out with a Bang,295 Shot Silver Bushy Comet z Cake,2,2,2
23:23.9,23:23.9,1403.906,TM492,Board 2,TM492,49 Shot Falling Red & White & Blue Comet z Cake,0,2,7
24:08.2,24:08.2,1448.18,Out with a Bang,Board 9,Out with a Bang,295 Shot Silver Bushy Comet z Cake,2,1,6
24:45.3,24:47.7,1485.274,421 20s Waterfall/Horsetail,Board 9,421 20s Waterfall/Horsetail,20 Shot Gold Horsetail Cake Fan,2,1,0
25:15.0,25:17.4,1514.998,421 20s Waterfall/Horsetail,Board 10,421 20s Waterfall/Horsetail,20 Shot Gold Horsetail Cake Fan,2,2,0
26:28.0,26:31.0,1587.964,GM488 Super Red Flash,Board 11,GM488 Super Red Flash,10 Shot Red Strobing Peony Cake,2,3,4
26:54.2,26:54.2,1614.236,222 13s FanSweep Twilight Glitter Comet w/ Multi Mine(01),Board 5,222 13s FanSweep Twilight Glitter Comet w/ Multi Mine(01),13 Shot Gold Comet w/ Varg Mine Cake Fan,1,1,12
26:57.7,27:00.5,1617.702,GM433 Crackling,Board 11,GM433 Crackling,36 Shot Gold Crackling Peony Fan Cake,2,3,2
27:04.4,27:07.2,1624.434,TM491,Board 7,TM491,49 Shot Gold Chrys w/ Varg Pistil Cake,1,3,4
27:25.0,27:25.0,1644.98,TM810,Board 5,TM810,81 Shot Blue Tail To Silver Bees Cake Z Shape,1,1,7
27:42.4,27:45.4,1662.424,Mortar Gold Coconut,32 Rack B,Mortar Gold Coconut,Gold Coconut Shell,4,4,3
27:45.1,27:48.1,1665.066,Mortar Gold Coconut,32 Rack B,Mortar Gold Coconut,Gold Coconut Shell,4,4,4
27:49.8,27:49.8,1669.801,222 13s FanSweep Twilight Glitter Comet w/ Multi Mine(01),Board 1,222 13s FanSweep Twilight Glitter Comet w/ Multi Mine(01),13 Shot Gold Comet w/ Varg Mine Cake Fan,0,1,9
27:51.2,27:54.2,1671.206,Mortar Gold Coconut,32 Rack B,Mortar Gold Coconut,Gold Coconut Shell,4,4,5
27:59.0,27:59.0,1679.045,222 13s FanSweep Twilight Glitter Comet w/ Multi Mine(01),Board 10,222 13s FanSweep Twilight Glitter Comet w/ Multi Mine(01),13 Shot Gold Comet w/ Varg Mine Cake Fan,2,2,11
27:59.2,28:02.2,1679.228,Mortar Gold Coconut,32 Rack B,Mortar Gold Coconut,Gold Coconut Shell,4,4,6
28:05.7,28:08.5,1685.68,TM115,Board 5,TM115,49 Shot Gold Mine To Gold Brocade Crown Cake,1,1,4
28:23.9,28:26.9,1703.881,Mortar Gold Coconut,32 Rack B,Mortar Gold Coconut,Gold Coconut Shell,4,4,7
28:27.2,28:30.2,1707.214,Mortar Gold Coconut,32 Rack B,Mortar Gold Coconut,Gold Coconut Shell,4,4,10
28:30.5,28:33.6,1710.548,Mortar Gold Coconut,32 Rack B,Mortar Gold Coconut,Gold Coconut Shell,4,4,8
28:33.9,28:36.9,1713.881,Mortar Gold Coconut,32 Rack B,Mortar Gold Coconut,Gold Coconut Shell,4,4,9
28:37.3,28:40.1,1717.279,TM115,Board 8,TM115,49 Shot Gold Mine To Gold Brocade Crown Cake,2,0,6
28:59.7,28:59.7,1739.695,TM502,Board 4,TM502,49 Shot Silver Comet To Time Rain Crackling Cake Fan,1,0,1
29:24.1,29:27.1,1764.061,MS498 12s Finale Box Quick Crackle,Board 4,MS498 12s Finale Box Quick Crackle,12 Shot Crackling Gold Peony Cake,1,0,0
29:27.3,29:30.3,1767.286,Mortar Gold Coconut,32 Rack B,Mortar Gold Coconut,Gold Coconut Shell,4,4,11
29:29.2,29:32.3,1769.243,Mortar Gold Coconut,32 Rack B,Mortar Gold Coconut,Gold Coconut Shell,4,4,12
29:33.1,29:35.9,1773.08,GM 427,Board 11,GM 427,36 Shot Red Peony Cake,2,3,3
29:39.6,29:42.6,1779.579,Mortar Gold Coconut,32 Rack B,Mortar Gold Coconut,Gold Coconut Shell,4,4,13
29:43.9,29:46.9,1783.881,MS498 12s Finale Box Quick Crackle,Board 5,MS498 12s Finale Box Quick Crackle,12 Shot Crackling Gold Peony Cake,1,1,6
29:47.4,29:50.4,1787.404,Mortar Gold Coconut,32 Rack B,Mortar Gold Coconut,Gold Coconut Shell,4,4,14
29:52.2,29:55.3,1792.246,690 12s Double Timerain Crackle,Board 9,690 12s Double Timerain Crackle,10 Shot Popcorn Crackle Chrys Cake,2,1,3
30:11.5,30:14.3,1811.461,GM484,Board 11,GM484,12 Shot Red & White & Blue Peony Cake,2,3,5
30:34.8,30:37.6,1834.798,SE356,Board 10,SE356,7 Shot Crackling Mine To Crackling Bombard Cake Fan,2,2,10
30:34.8,30:37.6,1834.798,SE356,Board 1,SE356,7 Shot Crackling Mine To Crackling Bombard Cake Fan,0,1,10
30:37.7,30:40.7,1837.694,Mortar Gold Coconut,50 Rack A,Mortar Gold Coconut,Gold Coconut Shell,3,7,2
30:39.7,30:42.7,1839.694,Mortar Gold Coconut,50 Rack A,Mortar Gold Coconut,Gold Coconut Shell,3,7,3
30:41.7,30:44.7,1841.694,Mortar Gold Coconut,50 Rack A,Mortar Gold Coconut,Gold Coconut Shell,3,7,4
30:43.7,30:46.7,1843.694,Mortar Gold Coconut,50 Rack A,Mortar Gold Coconut,Gold Coconut Shell,3,7,5
30:45.7,30:48.7,1845.694,Mortar Gold Coconut,50 Rack A,Mortar Gold Coconut,Gold Coconut Shell,3,7,6
31:37.5,31:40.3,1897.547,TM490,Board 8,TM490,49 Shot Strobing Red & White & Blue Waterfall Cake Fan,2,0,0
32:02.4,32:05.2,1922.402,TM150,Board 6,TM150,42 Shot White Waterfall Z Shape Cake Cake,1,2,7
32:20.7,32:20.7,1940.734,479 12 Shot Brocade Crown,Board 10,479 12 Shot Brocade Crown,,2,2,4
32:55.5,32:58.3,1975.496,TM113,Board 9,TM113,81 Shot Coconut w/ Varg Pistil Cake Z Shape,2,1,7
33:21.2,33:24.2,2001.174,690 12s Double Timerain Crackle,Board 3,690 12s Double Timerain Crackle,10 Shot Popcorn Crackle Chrys Cake,0,3,4
34:01.0,34:04.0,2041.018,Mortar Gold Coconut,50 Rack B,Mortar Gold Coconut,Gold Coconut Shell,3,4,4
34:04.0,34:07.0,2044.018,Mortar Gold Coconut,50 Rack B,Mortar Gold Coconut,Gold Coconut Shell,3,4,5
34:07.0,34:10.0,2047.018,Mortar Gold Coconut,50 Rack B,Mortar Gold Coconut,Gold Coconut Shell,3,4,6
34:10.0,34:13.0,2050.018,Mortar Gold Coconut,50 Rack B,Mortar Gold Coconut,Gold Coconut Shell,3,4,7
34:13.0,34:16.0,2053.018,Mortar Gold Coconut,50 Rack B,Mortar Gold Coconut,Gold Coconut Shell,3,4,8
34:16.0,34:19.0,2056.018,Mortar Gold Coconut,50 Rack B,Mortar Gold Coconut,Gold Coconut Shell,3,4,9
34:19.9,34:22.9,2059.894,GM585A,Board 7,GM585A,30 Shot Gold Mine To Brocade Crown Cake Z Shape,1,3,3
34:41.3,34:44.3,2081.255,GM488 Super Red Flash,Board 1,GM488 Super Red Flash,10 Shot Red Strobing Peony Cake,0,1,6
35:10.3,35:13.3,2110.301,Mortar Gold Coconut,50 Rack A,Mortar Gold Coconut,Gold Coconut Shell,3,5,9
35:12.6,35:15.7,2112.634,Mortar Gold Coconut,50 Rack C,Mortar Gold Coconut,Gold Coconut Shell,4,0,13
35:15.0,35:18.0,2114.968,Mortar Gold Coconut,50 Rack A,Mortar Gold Coconut,Gold Coconut Shell,3,5,10
35:17.3,35:20.3,2117.301,Mortar Gold Coconut,50 Rack A,Mortar Gold Coconut,Gold Coconut Shell,3,5,11
35:19.6,35:22.7,2119.634,Mortar Gold Coconut,50 Rack C,Mortar Gold Coconut,Gold Coconut Shell,4,0,14
35:22.0,35:25.0,2121.968,Mortar Gold Coconut,50 Rack C,Mortar Gold Coconut,Gold Coconut Shell,4,0,15
35:24.3,35:27.3,2124.301,Mortar Gold Coconut,50 Rack A,Mortar Gold Coconut,Gold Coconut Shell,3,5,12
35:28.7,35:28.7,2128.718,479 12 Shot Brocade Crown,Board 0,479 12 Shot Brocade Crown,,0,0,0
36:08.9,36:11.9,2168.868,Mortar Gold Coconut,50 Rack A,Mortar Gold Coconut,Gold Coconut Shell,3,5,13
36:11.9,36:14.9,2171.905,Mortar Gold Coconut,50 Rack C,Mortar Gold Coconut,Gold Coconut Shell,4,1,0
36:14.9,36:18.0,2174.942,Mortar Gold Coconut,50 Rack A,Mortar Gold Coconut,Gold Coconut Shell,3,5,14
36:18.0,36:21.0,2177.979,Mortar Gold Coconut,50 Rack A,Mortar Gold Coconut,Gold Coconut Shell,3,5,15
36:21.0,36:24.0,2181.016,Mortar Gold Coconut,50 Rack C,Mortar Gold Coconut,Gold Coconut Shell,4,1,1
36:24.1,36:27.1,2184.053,Mortar Gold Coconut,50 Rack A,Mortar Gold Coconut,Gold Coconut Shell,3,6,0
36:27.1,36:30.1,2187.09,Mortar Gold Coconut,50 Rack A,Mortar Gold Coconut,Gold Coconut Shell,3,6,1
36:30.1,36:33.1,2190.127,Mortar Gold Coconut,50 Rack A,Mortar Gold Coconut,Gold Coconut Shell,3,6,2
36:33.2,36:36.2,2193.164,Mortar Gold Coconut,50 Rack A,Mortar Gold Coconut,Gold Coconut Shell,3,6,3
36:36.2,36:39.2,2196.201,Mortar Gold Coconut,50 Rack A,Mortar Gold Coconut,Gold Coconut Shell,3,6,4
36:39.2,36:42.3,2199.238,Mortar Gold Coconut,50 Rack C,Mortar Gold Coconut,Gold Coconut Shell,4,1,2
36:42.3,36:45.3,2202.275,Mortar Gold Coconut,50 Rack C,Mortar Gold Coconut,Gold Coconut Shell,4,1,3
36:45.3,36:48.3,2205.312,Mortar Gold Coconut,50 Rack C,Mortar Gold Coconut,Gold Coconut Shell,4,1,4
36:48.3,36:51.4,2208.349,Mortar Gold Coconut,50 Rack C,Mortar Gold Coconut,Gold Coconut Shell,4,1,5
36:51.4,36:54.4,2211.386,Mortar Gold Coconut,50 Rack C,Mortar Gold Coconut,Gold Coconut Shell,4,1,6
36:54.4,36:57.4,2214.423,Mortar Gold Coconut,50 Rack C,Mortar Gold Coconut,Gold Coconut Shell,4,1,7
36:57.5,37:00.5,2217.46,Mortar Gold Coconut,50 Rack C,Mortar Gold Coconut,Gold Coconut Shell,4,1,8
37:00.5,37:03.5,2220.497,Mortar Gold Coconut,50 Rack C,Mortar Gold Coconut,Gold Coconut Shell,4,1,9
37:03.5,37:06.6,2223.534,Mortar Gold Coconut,50 Rack A,Mortar Gold Coconut,Gold Coconut Shell,3,6,5
37:06.6,37:09.6,2226.571,Mortar Gold Coconut,50 Rack C,Mortar Gold Coconut,Gold Coconut Shell,4,1,10
37:09.6,37:12.6,2229.608,Mortar Gold Coconut,50 Rack A,Mortar Gold Coconut,Gold Coconut Shell,3,6,6
37:12.6,37:15.7,2232.645,Mortar Gold Coconut,50 Rack C,Mortar Gold Coconut,Gold Coconut Shell,4,1,11
37:15.7,37:18.7,2235.682,Mortar Gold Coconut,50 Rack C,Mortar Gold Coconut,Gold Coconut Shell,4,1,12
37:18.7,37:21.7,2238.719,Mortar Gold Coconut,50 Rack C,Mortar Gold Coconut,Gold Coconut Shell,4,1,13
37:21.8,37:24.8,2241.756,Mortar Gold Coconut,50 Rack A,Mortar Gold Coconut,Gold Coconut Shell,3,6,7
37:24.8,37:27.8,2244.793,Mortar Gold Coconut,50 Rack C,Mortar Gold Coconut,Gold Coconut Shell,4,1,14
37:27.8,37:30.9,2247.83,Mortar Gold Coconut,50 Rack C,Mortar Gold Coconut,Gold Coconut Shell,4,1,15
37:30.9,37:33.9,2250.867,Mortar Gold Coconut,50 Rack C,Mortar Gold Coconut,Gold Coconut Shell,4,2,0
38:07.7,38:07.7,2287.698,MS500,Board 4,MS500,,1,0,2
38:07.7,38:07.7,2287.698,MS500,Board 6,MS500,,1,2,2
38:13.5,38:16.6,2293.53,MS498 12s Finale Box Quick Crackle,Board 2,MS498 12s Finale Box Quick Crackle,12 Shot Crackling Gold Peony Cake,0,2,5
38:17.4,38:20.4,2297.363,Mortar Gold Coconut,50 Rack A,Mortar Gold Coconut,Gold Coconut Shell,3,7,7
38:20.5,38:23.5,2300.488,Mortar Gold Coconut,50 Rack A,Mortar Gold Coconut,Gold Coconut Shell,3,7,8
38:23.6,38:26.6,2303.613,Mortar Gold Coconut,50 Rack A,Mortar Gold Coconut,Gold Coconut Shell,3,7,9
38:26.7,38:29.8,2306.738,Mortar Gold Coconut,50 Rack A,Mortar Gold Coconut,Gold Coconut Shell,3,7,10
38:29.9,38:32.9,2309.863,Mortar Gold Coconut,50 Rack A,Mortar Gold Coconut,Gold Coconut Shell,3,7,11
38:33.0,38:36.0,2312.988,Mortar Gold Coconut,50 Rack A,Mortar Gold Coconut,Gold Coconut Shell,3,7,12
38:36.1,38:39.1,2316.113,Mortar Gold Coconut,50 Rack A,Mortar Gold Coconut,Gold Coconut Shell,3,7,13
38:39.2,38:42.3,2319.238,Mortar Gold Coconut,50 Rack A,Mortar Gold Coconut,Gold Coconut Shell,3,7,14
38:42.4,38:45.4,2322.363,Mortar Gold Coconut,50 Rack A,Mortar Gold Coconut,Gold Coconut Shell,3,7,15
38:45.2,38:48.2,2325.218,GM488 Super Red Flash,Board 0,GM488 Super Red Flash,10 Shot Red Strobing Peony Cake,0,0,6
39:07.4,39:10.4,2347.407,Mortar Gold Coconut,50 Rack B,Mortar Gold Coconut,Gold Coconut Shell,3,4,12
39:16.6,39:19.7,2356.638,690 12s Double Timerain Crackle,Board 8,690 12s Double Timerain Crackle,10 Shot Popcorn Crackle Chrys Cake,2,0,1
39:17.4,39:20.4,2357.407,Mortar Gold Coconut,50 Rack B,Mortar Gold Coconut,Gold Coconut Shell,3,4,13
39:27.4,39:30.4,2367.407,Mortar Gold Coconut,50 Rack B,Mortar Gold Coconut,Gold Coconut Shell,3,4,14
39:37.4,39:40.4,2377.407,Mortar Gold Coconut,50 Rack B,Mortar Gold Coconut,Gold Coconut Shell,3,4,10
39:47.4,39:50.4,2387.407,Mortar Gold Coconut,50 Rack B,Mortar Gold Coconut,Gold Coconut Shell,3,4,11
39:58.2,40:01.0,2398.239,GM484,Board 1,GM484,12 Shot Red & White & Blue Peony Cake,0,1,1
40:05.1,40:05.1,2405.062,479 12 Shot Brocade Crown,Board 11,479 12 Shot Brocade Crown,,2,3,7
40:44.3,40:47.1,2444.265,TM115,Board 3,TM115,49 Shot Gold Mine To Gold Brocade Crown Cake,0,3,2
41:02.4,41:05.5,2462.444,Mortar Gold Coconut,50 Rack B,Mortar Gold Coconut,Gold Coconut Shell,3,2,14
41:04.6,41:07.7,2464.644,Mortar Gold Coconut,50 Rack B,Mortar Gold Coconut,Gold Coconut Shell,3,3,2
41:06.8,41:09.9,2466.844,Mortar Gold Coconut,50 Rack B,Mortar Gold Coconut,Gold Coconut Shell,3,3,3
41:09.0,41:12.1,2469.044,Mortar Gold Coconut,50 Rack B,Mortar Gold Coconut,Gold Coconut Shell,3,2,15
41:11.2,41:14.3,2471.244,Mortar Gold Coconut,50 Rack B,Mortar Gold Coconut,Gold Coconut Shell,3,3,0
41:13.4,41:16.5,2473.444,Mortar Gold Coconut,50 Rack B,Mortar Gold Coconut,Gold Coconut Shell,3,3,1
41:15.9,41:18.7,2475.864,TM118,Board 4,TM118,49 Shot Crackling Strobing Peony Cake,1,0,3
41:43.6,41:46.7,2503.638,Mortar Gold Coconut,50 Rack B,Mortar Gold Coconut,Gold Coconut Shell,3,3,4
41:46.0,41:49.0,2505.986,Mortar Gold Coconut,50 Rack B,Mortar Gold Coconut,Gold Coconut Shell,3,3,5
41:49.1,41:52.2,2509.144,GM585A,Board 0,GM585A,30 Shot Gold Mine To Brocade Crown Cake Z Shape,0,0,5
42:12.2,42:15.0,2532.179,White 433BS,Board 0,White 433BS,36 Shot White Peony Cake Fan,0,0,2
42:19.3,42:22.1,2539.285,Red 433BS,Board 8,Red 433BS,36 Shot Red Peony Cake Fan,2,0,3
42:26.0,42:28.8,2546.036,Blue 433BS,Board 3,Blue 433BS,36 Shot Blue Peony Cake Fan,0,3,5
44:01.4,44:01.4,2641.412,629 130 shot Z Gold Glitter Comets,Board 8,629 130 shot Z Gold Glitter Comets,130 Shot Z Shape Gold Glittering Comet w/ Tail Cake,2,0,9
44:31.5,44:31.5,2671.54,165 11s SuperSweep Golden Rain Comet w/ Blue Mine,Board 6,165 11s SuperSweep Golden Rain Comet w/ Blue Mine,13 Shot Gold Comet w/ Blue Mine Cake Fan,1,2,10
44:39.3,44:42.3,2679.267,690 12s Double Timerain Crackle,Board 10,690 12s Double Timerain Crackle,10 Shot Popcorn Crackle Chrys Cake,2,2,6
45:11.0,45:11.0,2710.994,222 13s FanSweep Twilight Glitter Comet w/ Multi Mine(01),Board 5,222 13s FanSweep Twilight Glitter Comet w/ Multi Mine(01),13 Shot Gold Comet w/ Varg Mine Cake Fan,1,1,11
45:21.5,45:21.5,2721.456,479 12 Shot Brocade Crown,Board 1,479 12 Shot Brocade Crown,,0,1,7
46:00.8,46:03.6,2760.823,TM490,Board 3,TM490,49 Shot Strobing Red & White & Blue Waterfall Cake Fan,0,3,1
46:25.4,46:28.5,2785.448,690 12s Double Timerain Crackle,Board 1,690 12s Double Timerain Crackle,10 Shot Popcorn Crackle Chrys Cake,0,1,2
47:08.7,47:08.7,2828.737,Rowdy Ride,Board 4,Rowdy Ride,10 Shot Multicolor Cake Z Shape,1,0,5
47:48.2,47:51.2,2868.175,Mortar Gold Coconut,50 Rack B,Mortar Gold Coconut,Gold Coconut Shell,3,3,6
47:49.8,47:52.9,2869.831,Mortar Gold Coconut,50 Rack B,Mortar Gold Coconut,Gold Coconut Shell,3,4,3
47:51.7,47:54.8,2871.748,Mortar Gold Coconut,50 Rack B,Mortar Gold Coconut,Gold Coconut Shell,3,3,7
47:53.3,47:56.3,2873.262,Mortar Gold Coconut,50 Rack B,Mortar Gold Coconut,Gold Coconut Shell,3,3,8
47:57.9,47:57.9,2877.921,222 13s FanSweep Twilight Glitter Comet w/ Multi Mine(01),Board 6,222 13s FanSweep Twilight Glitter Comet w/ Multi Mine(01),13 Shot Gold Comet w/ Varg Mine Cake Fan,1,2,13
48:00.1,48:03.1,2880.11,Mortar Gold Coconut,50 Rack B,Mortar Gold Coconut,Gold Coconut Shell,3,3,9
48:04.3,48:07.3,2884.317,Mortar Gold Coconut,50 Rack B,Mortar Gold Coconut,Gold Coconut Shell,3,3,10
48:05.6,48:08.7,2885.63,Mortar Gold Coconut,50 Rack B,Mortar Gold Coconut,Gold Coconut Shell,3,4,1
48:07.7,48:10.8,2887.741,Mortar Gold Coconut,50 Rack B,Mortar Gold Coconut,Gold Coconut Shell,3,3,11
48:09.5,48:12.5,2889.524,Mortar Gold Coconut,50 Rack B,Mortar Gold Coconut,Gold Coconut Shell,3,4,2
48:12.2,48:15.0,2892.228,GM484,Board 0,GM484,12 Shot Red & White & Blue Peony Cake,0,0,8
48:13.5,48:16.5,2893.497,gm488 10s super red strobe,Board 10,gm488 10s super red strobe,10 Shot Strobing Red Peony Cake,2,2,5
48:47.7,48:50.7,2927.656,Mortar Gold Coconut,50 Rack B,Mortar Gold Coconut,Gold Coconut Shell,3,3,12
48:50.4,48:53.4,2930.395,Mortar Gold Coconut,50 Rack B,Mortar Gold Coconut,Gold Coconut Shell,3,3,13
48:52.5,48:55.6,2932.547,Mortar Gold Coconut,50 Rack B,Mortar Gold Coconut,Gold Coconut Shell,3,3,14
48:55.6,48:58.6,2935.58,Mortar Gold Coconut,50 Rack B,Mortar Gold Coconut,Gold Coconut Shell,3,3,15
49:00.8,49:00.8,2940.825,222 13s FanSweep Twilight Glitter Comet w/ Multi Mine(01),Board 0,222 13s FanSweep Twilight Glitter Comet w/ Multi Mine(01),13 Shot Gold Comet w/ Varg Mine Cake Fan,0,0,9
49:03.0,49:06.0,2942.993,GM436 27shot RWB Peony,Board 0,GM436 27shot RWB Peony,27 Shot Red White Blue Peony Cake W Shape,0,0,1
49:12.2,49:12.2,2952.228,Twilight Glitter Comet w/ Blue Tip,Comets B,Twilight Glitter Comet w/ Blue Tip,Silver Comet w/ Blue,0,7,5
49:12.2,49:12.2,2952.228,Twilight Glitter Comet w/ Blue Tip,Comets B,Twilight Glitter Comet w/ Blue Tip,Silver Comet w/ Blue,0,7,6
49:12.2,49:12.2,2952.228,Twilight Glitter Comet w/ Blue Tip,Comets B,Twilight Glitter Comet w/ Blue Tip,Silver Comet w/ Blue,0,7,7
49:12.2,49:12.2,2952.228,Twilight Glitter Comet w/ Blue Tip,Comets B,Twilight Glitter Comet w/ Blue Tip,Silver Comet w/ Blue,0,7,8
49:12.2,49:12.2,2952.228,Twilight Glitter Comet w/ Blue Tip,Comets B,Twilight Glitter Comet w/ Blue Tip,Silver Comet w/ Blue,0,7,9
49:12.2,49:12.2,2952.228,Twilight Glitter Comet w/ Blue Tip,Comets B,Twilight Glitter Comet w/ Blue Tip,Silver Comet w/ Blue,0,7,10
49:12.2,49:12.2,2952.228,Twilight Glitter Comet w/ Blue Tip,Comets B,Twilight Glitter Comet w/ Blue Tip,Silver Comet w/ Blue,0,7,11
49:17.0,49:17.0,2956.998,Twilight Glitter Comet w/ Blue Tip,Comets A,Twilight Glitter Comet w/ Blue Tip,Silver Comet w/ Blue,0,4,14
49:17.0,49:17.0,2956.998,Twilight Glitter Comet w/ Blue Tip,Comets A,Twilight Glitter Comet w/ Blue Tip,Silver Comet w/ Blue,0,4,15
49:17.0,49:17.0,2956.998,Twilight Glitter Comet w/ Blue Tip,Comets A,Twilight Glitter Comet w/ Blue Tip,Silver Comet w/ Blue,0,5,0
49:17.0,49:17.0,2956.998,Twilight Glitter Comet w/ Blue Tip,Comets A,Twilight Glitter Comet w/ Blue Tip,Silver Comet w/ Blue,0,5,1
49:17.0,49:17.0,2956.998,Twilight Glitter Comet w/ Blue Tip,Comets A,Twilight Glitter Comet w/ Blue Tip,Silver Comet w/ Blue,0,5,2
49:17.0,49:17.0,2956.998,Twilight Glitter Comet w/ Blue Tip,Comets A,Twilight Glitter Comet w/ Blue Tip,Silver Comet w/ Blue,0,5,3
49:17.0,49:17.0,2956.998,Twilight Glitter Comet w/ Blue Tip,Comets A,Twilight Glitter Comet w/ Blue Tip,Silver Comet w/ Blue,0,5,4
49:17.0,49:17.0,2956.998,Twilight Glitter Comet w/ Blue Tip,Comets C,Twilight Glitter Comet w/ Blue Tip,Silver Comet w/ Blue,2,6,14
49:17.0,49:17.0,2956.998,Twilight Glitter Comet w/ Blue Tip,Comets C,Twilight Glitter Comet w/ Blue Tip,Silver Comet w/ Blue,2,6,15
49:17.0,49:17.0,2956.998,Twilight Glitter Comet w/ Blue Tip,Comets C,Twilight Glitter Comet w/ Blue Tip,Silver Comet w/ Blue,2,7,0
49:17.0,49:17.0,2956.998,Twilight Glitter Comet w/ Blue Tip,Comets C,Twilight Glitter Comet w/ Blue Tip,Silver Comet w/ Blue,2,7,1
49:17.0,49:17.0,2956.998,Twilight Glitter Comet w/ Blue Tip,Comets C,Twilight Glitter Comet w/ Blue Tip,Silver Comet w/ Blue,2,7,2
49:17.0,49:17.0,2956.998,Twilight Glitter Comet w/ Blue Tip,Comets C,Twilight Glitter Comet w/ Blue Tip,Silver Comet w/ Blue,2,7,3
49:17.0,49:17.0,2956.998,Twilight Glitter Comet w/ Blue Tip,Comets C,Twilight Glitter Comet w/ Blue Tip,Silver Comet w/ Blue,2,7,4
49:21.1,49:24.1,2961.085,Mortar Gold Coconut,Finale Rack B,Mortar Gold Coconut,Gold Coconut Shell,4,5,0
49:21.2,49:24.2,2961.207,Mortar Gold Coconut,Finale Rack B,Mortar Gold Coconut,Gold Coconut Shell,4,5,1
49:21.3,49:24.3,2961.33,Mortar Gold Coconut,Finale Rack B,Mortar Gold Coconut,Gold Coconut Shell,4,5,2
49:21.5,49:24.5,2961.452,Mortar Gold Coconut,Finale Rack B,Mortar Gold Coconut,Gold Coconut Shell,4,5,3
49:21.6,49:24.6,2961.575,Mortar Gold Coconut,Finale Rack B,Mortar Gold Coconut,Gold Coconut Shell,4,5,4
49:21.7,49:24.7,2961.697,Mortar Gold Coconut,Finale Rack B,Mortar Gold Coconut,Gold Coconut Shell,4,7,15
49:21.8,49:24.8,2961.82,Mortar Gold Coconut,Finale Rack B,Mortar Gold Coconut,Gold Coconut Shell,4,5,5
49:21.9,49:25.0,2961.942,Mortar Gold Coconut,Finale Rack B,Mortar Gold Coconut,Gold Coconut Shell,4,5,6
49:22.1,49:25.1,2962.065,Mortar Gold Coconut,Finale Rack B,Mortar Gold Coconut,Gold Coconut Shell,4,5,7
49:22.2,49:25.2,2962.187,Mortar Gold Coconut,Finale Rack B,Mortar Gold Coconut,Gold Coconut Shell,4,5,8
49:22.3,49:22.3,2962.305,Twilight Glitter Comet w/ Blue Tip,Comets A,Twilight Glitter Comet w/ Blue Tip,Silver Comet w/ Blue,0,5,5
49:22.3,49:22.3,2962.305,Twilight Glitter Comet w/ Blue Tip,Comets A,Twilight Glitter Comet w/ Blue Tip,Silver Comet w/ Blue,0,5,6
49:22.3,49:22.3,2962.305,Twilight Glitter Comet w/ Blue Tip,Comets A,Twilight Glitter Comet w/ Blue Tip,Silver Comet w/ Blue,0,5,7
49:22.3,49:22.3,2962.305,Twilight Glitter Comet w/ Blue Tip,Comets A,Twilight Glitter Comet w/ Blue Tip,Silver Comet w/ Blue,0,5,8
49:22.3,49:22.3,2962.305,Twilight Glitter Comet w/ Blue Tip,Comets A,Twilight Glitter Comet w/ Blue Tip,Silver Comet w/ Blue,0,5,9
49:22.3,49:22.3,2962.305,Twilight Glitter Comet w/ Blue Tip,Comets A,Twilight Glitter Comet w/ Blue Tip,Silver Comet w/ Blue,0,5,10
49:22.3,49:22.3,2962.305,Twilight Glitter Comet w/ Blue Tip,Comets A,Twilight Glitter Comet w/ Blue Tip,Silver Comet w/ Blue,0,5,11
49:22.3,49:22.3,2962.305,Twilight Glitter Comet w/ Blue Tip,Comets C,Twilight Glitter Comet w/ Blue Tip,Silver Comet w/ Blue,2,7,5
49:22.3,49:22.3,2962.305,Twilight Glitter Comet w/ Blue Tip,Comets C,Twilight Glitter Comet w/ Blue Tip,Silver Comet w/ Blue,2,7,6
49:22.3,49:22.3,2962.305,Twilight Glitter Comet w/ Blue Tip,Comets C,Twilight Glitter Comet w/ Blue Tip,Silver Comet w/ Blue,2,7,7
49:22.3,49:22.3,2962.305,Twilight Glitter Comet w/ Blue Tip,Comets C,Twilight Glitter Comet w/ Blue Tip,Silver Comet w/ Blue,2,7,8
49:22.3,49:22.3,2962.305,Twilight Glitter Comet w/ Blue Tip,Comets C,Twilight Glitter Comet w/ Blue Tip,Silver Comet w/ Blue,2,7,9
49:22.3,49:22.3,2962.305,Twilight Glitter Comet w/ Blue Tip,Comets C,Twilight Glitter Comet w/ Blue Tip,Silver Comet w/ Blue,2,7,10
49:22.3,49:22.3,2962.305,Twilight Glitter Comet w/ Blue Tip,Comets C,Twilight Glitter Comet w/ Blue Tip,Silver Comet w/ Blue,2,7,11
49:22.3,49:25.3,2962.309,Mortar Gold Coconut,Finale Rack B,Mortar Gold Coconut,Gold Coconut Shell,4,5,9
49:22.4,49:25.5,2962.432,Mortar Gold Coconut,Finale Rack B,Mortar Gold Coconut,Gold Coconut Shell,4,7,10
49:22.6,49:25.6,2962.554,Mortar Gold Coconut,Finale Rack B,Mortar Gold Coconut,Gold Coconut Shell,4,5,10
49:22.7,49:25.7,2962.677,Mortar Gold Coconut,Finale Rack B,Mortar Gold Coconut,Gold Coconut Shell,4,5,11
49:22.8,49:25.8,2962.799,Mortar Gold Coconut,Finale Rack B,Mortar Gold Coconut,Gold Coconut Shell,4,5,12
49:22.9,49:25.9,2962.922,Mortar Gold Coconut,Finale Rack B,Mortar Gold Coconut,Gold Coconut Shell,4,5,13
49:23.0,49:26.1,2963.044,Mortar Gold Coconut,Finale Rack B,Mortar Gold Coconut,Gold Coconut Shell,4,5,14
49:23.2,49:26.2,2963.167,Mortar Gold Coconut,Finale Rack B,Mortar Gold Coconut,Gold Coconut Shell,4,5,15
49:23.3,49:26.3,2963.289,Mortar Gold Coconut,Finale Rack B,Mortar Gold Coconut,Gold Coconut Shell,4,6,0
49:23.4,49:26.4,2963.412,Mortar Gold Coconut,Finale Rack B,Mortar Gold Coconut,Gold Coconut Shell,4,6,1
49:23.5,49:26.6,2963.534,Mortar Gold Coconut,Finale Rack B,Mortar Gold Coconut,Gold Coconut Shell,4,6,2
49:23.7,49:26.7,2963.656,Mortar Gold Coconut,Finale Rack B,Mortar Gold Coconut,Gold Coconut Shell,4,6,3
49:23.8,49:26.8,2963.779,Mortar Gold Coconut,Finale Rack B,Mortar Gold Coconut,Gold Coconut Shell,4,6,4
49:23.9,49:26.9,2963.901,Mortar Gold Coconut,Finale Rack B,Mortar Gold Coconut,Gold Coconut Shell,4,7,14
49:24.0,49:27.0,2964.024,Mortar Gold Coconut,Finale Rack B,Mortar Gold Coconut,Gold Coconut Shell,4,6,5
49:24.1,49:27.2,2964.146,Mortar Gold Coconut,Finale Rack B,Mortar Gold Coconut,Gold Coconut Shell,4,6,6
49:24.3,49:27.3,2964.269,Mortar Gold Coconut,Finale Rack B,Mortar Gold Coconut,Gold Coconut Shell,4,6,7
49:24.4,49:27.4,2964.391,Mortar Gold Coconut,Finale Rack B,Mortar Gold Coconut,Gold Coconut Shell,4,6,8
49:24.5,49:27.5,2964.514,Mortar Gold Coconut,Finale Rack B,Mortar Gold Coconut,Gold Coconut Shell,4,6,9
49:24.6,49:27.7,2964.636,Mortar Gold Coconut,Finale Rack B,Mortar Gold Coconut,Gold Coconut Shell,4,6,10
49:24.8,49:27.8,2964.758,Mortar Gold Coconut,Finale Rack B,Mortar Gold Coconut,Gold Coconut Shell,4,7,8
49:24.9,49:27.9,2964.881,Mortar Gold Coconut,Finale Rack B,Mortar Gold Coconut,Gold Coconut Shell,4,6,11
49:25.0,49:28.0,2965.003,Mortar Gold Coconut,Finale Rack B,Mortar Gold Coconut,Gold Coconut Shell,4,7,9
49:25.1,49:28.1,2965.126,Mortar Gold Coconut,Finale Rack B,Mortar Gold Coconut,Gold Coconut Shell,4,7,13
49:25.2,49:28.3,2965.248,Mortar Gold Coconut,50 Rack B,Mortar Gold Coconut,Gold Coconut Shell,3,4,0
49:25.4,49:28.4,2965.371,Mortar Gold Coconut,Finale Rack B,Mortar Gold Coconut,Gold Coconut Shell,4,6,12
49:25.5,49:28.5,2965.493,Mortar Gold Coconut,Finale Rack B,Mortar Gold Coconut,Gold Coconut Shell,4,6,13
49:25.6,49:28.6,2965.616,Mortar Gold Coconut,Finale Rack B,Mortar Gold Coconut,Gold Coconut Shell,4,7,11
49:25.7,49:28.8,2965.738,Mortar Gold Coconut,Finale Rack B,Mortar Gold Coconut,Gold Coconut Shell,4,6,14
49:25.9,49:28.9,2965.861,Mortar Gold Coconut,Finale Rack B,Mortar Gold Coconut,Gold Coconut Shell,4,6,15
49:26.0,49:29.0,2965.983,Mortar Gold Coconut,Finale Rack B,Mortar Gold Coconut,Gold Coconut Shell,4,7,0
49:26.1,49:29.1,2966.105,Mortar Gold Coconut,Finale Rack B,Mortar Gold Coconut,Gold Coconut Shell,4,7,12
49:26.2,49:29.2,2966.228,Mortar Gold Coconut,Finale Rack B,Mortar Gold Coconut,Gold Coconut Shell,4,7,1
49:26.3,49:29.4,2966.35,Mortar Gold Coconut,Finale Rack B,Mortar Gold Coconut,Gold Coconut Shell,4,7,2
49:26.6,49:29.6,2966.595,Mortar Gold Coconut,Finale Rack B,Mortar Gold Coconut,Gold Coconut Shell,4,7,3
49:26.7,49:29.7,2966.718,Mortar Gold Coconut,Finale Rack B,Mortar Gold Coconut,Gold Coconut Shell,4,7,4
49:26.8,49:29.9,2966.84,Mortar Gold Coconut,Finale Rack B,Mortar Gold Coconut,Gold Coconut Shell,4,7,5
49:27.0,49:30.0,2966.963,Mortar Gold Coconut,Finale Rack B,Mortar Gold Coconut,Gold Coconut Shell,4,7,6
49:27.1,49:30.1,2967.085,Mortar Gold Coconut,Finale Rack B,Mortar Gold Coconut,Gold Coconut Shell,4,7,7
49:29.5,49:32.5,2969.467,10013 48 FINALE RACK CUE,Finale Rack A,10013 48 FINALE RACK CUE,Red Palm,1,0,10
